{"type":"FeatureCollection","features":[{"type":"Feature","properties":{"code":"11110530","name":"종로구 사직동","share":0.0395,"foreign":1518},"geometry":{"type":"MultiPolygon","coordinates":[[[[126.97689,37.57565],[126.97703,37.56919],[126.97433,37.56926],[126.96905,37.56819],[126.96573,37.57018],[126.96593,37.57032],[126.96601,37.57155],[126.96284,37.57666],[126.96281,37.57945],[126.96742,37.5796],[126.96746,37.57898],[126.96807,37.57825],[126.96896,37.57794],[126.96941,37.57812],[126.9699,37.5793],[126.97135,37.57951],[126.97382,37.57937],[126.97433,37.57575],[126.97689,37.57565]]]]}},{"type":"Feature","properties":{"code":"11110540","name":"종로구 삼청동","share":0.0968,"foreign":966},"geometry":{"type":"MultiPolygon","coordinates":[[[[126.98269,37.59507],[126.98387,37.59385],[126.98576,37.59279],[126.98948,37.5918],[126.98621,37.58902],[126.98596,37.58742],[126.98534,37.58615],[126.98497,37.58563],[126.98371,37.58497],[126.98292,37.58346],[126.98286,37.58261],[126.98403,37.57843],[126.98464,37.57734],[126.98553,37.57667],[126.98315,37.57553],[126.97959,37.57598],[126.97974,37.57913],[126.9803,37.58099],[126.97942,37.5859],[126.97897,37.58718],[126.97657,37.5893],[126.97569,37.58968],[126.97364,37.59259],[126.97359,37.59329],[126.97585,37.59656],[126.98106,37.59507],[126.98269,37.59507]]]]}},{"type":"Feature","properties":{"code":"11110550","name":"종로구 부암동","share":0.0161,"foreign":153},"geometry":{"type":"MultiPolygon","coordinates":[[[[126.97585,37.59656],[126.97359,37.59329],[126.97194,37.59389],[126.96892,37.59336],[126.96814,37.59361],[126.96643,37.59293],[126.96457,37.59097],[126.96411,37.58998],[126.96424,37.58914],[126.96317,37.58786],[126.96171,37.58668],[126.95887,37.58596],[126.9578,37.58499],[126.9579,37.58381],[126.95689,37.58542],[126.95793,37.58879],[126.95751,37.59267],[126.95633,37.59515],[126.95714,37.59839],[126.95673,37.59866],[126.95613,37.59846],[126.95409,37.59855],[126.95275,37.60041],[126.9528,37.60269],[126.9532,37.60301],[126.95351,37.60427],[126.95338,37.60537],[126.95424,37.60471],[126.95825,37.60354],[126.95873,37.60381],[126.95909,37.60474],[126.96001,37.60586],[126.96107,37.60697],[126.96153,37.60706],[126.96326,37.604],[126.96433,37.60331],[126.96616,37.60088],[126.96715,37.60029],[126.9733,37.59882],[126.97419,37.59761],[126.97368,37.5971],[126.97585,37.59656]]]]}},{"type":"Feature","properties":{"code":"11110560","name":"종로구 평창동","share":0.0052,"foreign":86},"geometry":{"type":"MultiPolygon","coordinates":[[[[126.97507,37.63139],[126.97649,37.63009],[126.97635,37.62927],[126.97667,37.62884],[126.97821,37.62844],[126.97952,37.6292],[126.98009,37.62927],[126.98051,37.62905],[126.9805,37.62865],[126.97967,37.62797],[126.97921,37.62457],[126.98087,37.62275],[126.98137,37.62173],[126.98208,37.61992],[126.9818,37.61931],[126.98281,37.61669],[126.9867,37.61468],[126.98707,37.61355],[126.98696,37.61057],[126.98627,37.60994],[126.9859,37.60714],[126.98774,37.60122],[126.98637,37.60008],[126.98491,37.59944],[126.98157,37.59914],[126.98157,37.59717],[126.98201,37.59584],[126.98269,37.59507],[126.98106,37.59507],[126.97401,37.59694],[126.97368,37.5971],[126.97419,37.59761],[126.9741,37.59797],[126.9733,37.59882],[126.96715,37.60029],[126.96616,37.60088],[126.96433,37.60331],[126.96326,37.604],[126.96153,37.60706],[126.96107,37.60697],[126.96001,37.60586],[126.95909,37.60474],[126.95873,37.60381],[126.95825,37.60354],[126.95401,37.6048],[126.95074,37.60832],[126.95038,37.60788],[126.94998,37.60971],[126.95063,37.61096],[126.95094,37.61236],[126.9504,37.61613],[126.95033,37.61836],[126.95124,37.62279],[126.95172,37.62433],[126.95217,37.62482],[126.95318,37.62517],[126.95675,37.62537],[126.95954,37.62848],[126.96925,37.63022],[126.97179,37.63229],[126.97507,37.63139]]]]}},{"type":"Feature","properties":{"code":"11110570","name":"종로구 무악동","share":0.0067,"foreign":36},"geometry":{"type":"MultiPolygon","coordinates":[[[[126.96067,37.5808],[126.96281,37.57945],[126.96284,37.57666],[126.96069,37.57322],[126.95957,37.57296],[126.95356,37.57888],[126.95546,37.57897],[126.95575,37.5793],[126.95579,37.58073],[126.957,37.58158],[126.95878,37.58162],[126.96067,37.5808]]]]}},{"type":"Feature","properties":{"code":"11110580","name":"종로구 교남동","share":0.0079,"foreign":59},"geometry":{"type":"MultiPolygon","coordinates":[[[[126.96905,37.56819],[126.96677,37.56579],[126.95957,37.57296],[126.96069,37.57322],[126.96284,37.57666],[126.96601,37.57155],[126.96593,37.57032],[126.96573,37.57018],[126.96905,37.56819]]]]}},{"type":"Feature","properties":{"code":"11110600","name":"종로구 가회동","share":0.122,"foreign":1128},"geometry":{"type":"MultiPolygon","coordinates":[[[[126.98914,37.59131],[126.98803,37.58555],[126.98886,37.5855],[126.98977,37.58232],[126.9893,37.57739],[126.98824,37.57737],[126.98553,37.57667],[126.98464,37.57734],[126.98403,37.57843],[126.98285,37.58323],[126.98371,37.58497],[126.98497,37.58563],[126.98534,37.58615],[126.98596,37.58742],[126.98621,37.58902],[126.9879,37.59056],[126.98914,37.59131]]]]}},{"type":"Feature","properties":{"code":"11110615","name":"종로구 종로1·2·3·4가동","share":0.061,"foreign":6204},"geometry":{"type":"MultiPolygon","coordinates":[[[[126.9965,37.58102],[126.99676,37.57842],[126.99718,37.57693],[126.99968,37.5759],[126.99938,37.57584],[126.99797,37.5743],[126.99806,37.57378],[127.00162,37.56959],[126.9967,37.56871],[126.9889,37.56811],[126.9866,37.56821],[126.98269,37.56889],[126.97703,37.56919],[126.97689,37.57565],[126.97959,37.57598],[126.98315,37.57553],[126.98553,37.57667],[126.98824,37.57737],[126.9893,37.57739],[126.98977,37.58232],[126.98886,37.5855],[126.98803,37.58555],[126.98831,37.58747],[126.9913,37.58707],[126.99229,37.5872],[126.99329,37.58693],[126.99603,37.58329],[126.99654,37.58157],[126.9965,37.58102]]]]}},{"type":"Feature","properties":{"code":"11110630","name":"종로구 종로5·6가동","share":0.0401,"foreign":851},"geometry":{"type":"MultiPolygon","coordinates":[[[[127.01016,37.57157],[127.00959,37.56978],[127.00162,37.56959],[126.99806,37.57378],[126.99797,37.5743],[126.99938,37.57584],[127.00861,37.57671],[127.0084,37.57585],[127.00884,37.57274],[127.00973,37.57149],[127.01016,37.57157]]]]}},{"type":"Feature","properties":{"code":"11110640","name":"종로구 이화동","share":0.0536,"foreign":2634},"geometry":{"type":"MultiPolygon","coordinates":[[[[127.00733,37.5832],[127.00884,37.58045],[127.00861,37.57671],[126.99968,37.5759],[126.99718,37.57693],[126.99676,37.57842],[126.9965,37.58102],[126.99823,37.58127],[127.0018,37.58253],[127.00172,37.58313],[127.00272,37.58372],[127.0058,37.58476],[127.00618,37.58396],[127.00733,37.5832]]]]}},{"type":"Feature","properties":{"code":"11110670","name":"종로구 창신1동","share":0.0456,"foreign":439},"geometry":{"type":"MultiPolygon","coordinates":[[[[127.01573,37.57298],[127.01882,37.57098],[127.01751,37.57029],[127.01601,37.56982],[127.00959,37.56978],[127.01016,37.57157],[127.01196,37.57264],[127.01265,37.57538],[127.01548,37.57681],[127.01573,37.57298]]]]}},{"type":"Feature","properties":{"code":"11110680","name":"종로구 창신2동","share":0.0122,"foreign":75},"geometry":{"type":"MultiPolygon","coordinates":[[[[127.01048,37.58034],[127.01111,37.57891],[127.01173,37.57618],[127.01265,37.57538],[127.01261,37.57468],[127.01196,37.57264],[127.00973,37.57149],[127.00884,37.57274],[127.00842,37.57616],[127.00884,37.58045],[127.00997,37.58021],[127.01048,37.58034]]]]}},{"type":"Feature","properties":{"code":"11110690","name":"종로구 창신3동","share":0.0068,"foreign":25},"geometry":{"type":"MultiPolygon","coordinates":[[[[127.01495,37.58213],[127.01548,37.57681],[127.01265,37.57538],[127.01173,37.57618],[127.01111,37.57891],[127.01048,37.58034],[127.01216,37.58151],[127.0128,37.58132],[127.01469,37.58223],[127.01495,37.58213]]]]}},{"type":"Feature","properties":{"code":"11110700","name":"종로구 숭인1동","share":0.0191,"foreign":159},"geometry":{"type":"MultiPolygon","coordinates":[[[[127.01875,37.57753],[127.01917,37.57475],[127.01888,37.57396],[127.01573,37.57298],[127.01567,37.57558],[127.01495,37.58213],[127.01639,37.58184],[127.01679,37.58154],[127.0176,37.57969],[127.01801,37.57806],[127.01875,37.57753]]]]}},{"type":"Feature","properties":{"code":"11110710","name":"종로구 숭인2동","share":0.0331,"foreign":454},"geometry":{"type":"MultiPolygon","coordinates":[[[[127.02317,37.57804],[127.02337,37.57174],[127.01882,37.57098],[127.01573,37.57298],[127.01888,37.57396],[127.01917,37.57475],[127.01875,37.57753],[127.02317,37.57804]]]]}},{"type":"Feature","properties":{"code":"11110515","name":"종로구 청운효자동","share":0.0835,"foreign":1705},"geometry":{"type":"MultiPolygon","coordinates":[[[[126.97359,37.59329],[126.97364,37.59259],[126.97569,37.58968],[126.97657,37.5893],[126.97897,37.58718],[126.97942,37.5859],[126.9803,37.58099],[126.97974,37.57913],[126.97959,37.57598],[126.97689,37.57565],[126.97433,37.57575],[126.97382,37.57937],[126.97135,37.57951],[126.9699,37.5793],[126.96941,37.57812],[126.96896,37.57794],[126.96807,37.57825],[126.96746,37.57898],[126.96742,37.5796],[126.96281,37.57945],[126.96067,37.5808],[126.9579,37.58381],[126.9578,37.58499],[126.95887,37.58596],[126.96171,37.58668],[126.96317,37.58786],[126.96424,37.58914],[126.96411,37.58998],[126.96457,37.59097],[126.96643,37.59293],[126.96814,37.59361],[126.96892,37.59336],[126.97194,37.59389],[126.97359,37.59329]]]]}},{"type":"Feature","properties":{"code":"11110650","name":"종로구 혜화동","share":0.0121,"foreign":380},"geometry":{"type":"MultiPolygon","coordinates":[[[[127.00419,37.58795],[127.0043,37.58709],[127.00593,37.58691],[127.00653,37.58613],[127.00733,37.5832],[127.00618,37.58396],[127.0058,37.58476],[127.00272,37.58372],[127.00172,37.58313],[127.0018,37.58253],[126.99823,37.58127],[126.9965,37.58102],[126.99654,37.58157],[126.99603,37.58329],[126.99329,37.58693],[126.99229,37.5872],[126.9913,37.58707],[126.98831,37.58747],[126.98914,37.59131],[126.99875,37.59252],[127.00079,37.59245],[127.00156,37.59192],[127.00191,37.59125],[127.00166,37.5901],[127.00243,37.58906],[127.00419,37.58795]]]]}},{"type":"Feature","properties":{"code":"11140520","name":"중구 소공동","share":0.1192,"foreign":6074},"geometry":{"type":"MultiPolygon","coordinates":[[[[126.98109,37.5618],[126.98031,37.56143],[126.97407,37.55983],[126.9714,37.5596],[126.96677,37.56579],[126.96905,37.56819],[126.97537,37.56932],[126.97528,37.56873],[126.97564,37.56776],[126.97835,37.56544],[126.97972,37.56588],[126.98265,37.56595],[126.98204,37.56296],[126.98109,37.5618]]]]}},{"type":"Feature","properties":{"code":"11140540","name":"중구 회현동","share":0.0809,"foreign":4343},"geometry":{"type":"MultiPolygon","coordinates":[[[[126.98536,37.55424],[126.98543,37.55374],[126.98488,37.5533],[126.98374,37.55304],[126.98148,37.55392],[126.98084,37.55393],[126.97983,37.55342],[126.97715,37.55498],[126.97673,37.55503],[126.97649,37.55313],[126.97666,37.55271],[126.97236,37.55439],[126.96907,37.5539],[126.96849,37.55538],[126.9693,37.55802],[126.97057,37.55931],[126.9714,37.5596],[126.97407,37.55983],[126.98031,37.56143],[126.98109,37.5618],[126.98126,37.56126],[126.98223,37.56009],[126.98315,37.55795],[126.98358,37.5542],[126.98384,37.55396],[126.98536,37.55424]]]]}},{"type":"Feature","properties":{"code":"11140550","name":"중구 명동","share":0.1684,"foreign":13381},"geometry":{"type":"MultiPolygon","coordinates":[[[[126.97703,37.56919],[126.98269,37.56889],[126.9866,37.56821],[126.99087,37.56824],[126.9906,37.56618],[126.98976,37.56613],[126.98859,37.56525],[126.98851,37.56474],[126.98876,37.56291],[126.99032,37.56296],[126.99052,37.5612],[126.98854,37.56039],[126.98692,37.55745],[126.98486,37.5563],[126.98476,37.55589],[126.98536,37.55424],[126.98384,37.55396],[126.98358,37.5542],[126.98315,37.55795],[126.98223,37.56009],[126.98126,37.56126],[126.98109,37.5618],[126.98204,37.56296],[126.98265,37.56595],[126.97972,37.56588],[126.97835,37.56544],[126.97564,37.56776],[126.97529,37.56866],[126.97537,37.56932],[126.97703,37.56919]]]]}},{"type":"Feature","properties":{"code":"11140570","name":"중구 필동","share":0.1196,"foreign":2469},"geometry":{"type":"MultiPolygon","coordinates":[[[[126.99347,37.563],[126.99336,37.56261],[126.99368,37.56177],[126.99475,37.56143],[127.00117,37.56288],[127.001,37.56106],[127.0004,37.55939],[127.00264,37.55847],[127.00351,37.55883],[127.00388,37.55814],[127.00348,37.5567],[127.00251,37.55585],[127.00029,37.55524],[126.99857,37.55426],[126.99838,37.55323],[126.9974,37.55128],[126.99513,37.55227],[126.99444,37.55228],[126.99258,37.55069],[126.99236,37.55009],[126.98781,37.55149],[126.98543,37.55374],[126.98474,37.55612],[126.98509,37.55658],[126.98582,37.55676],[126.98692,37.55745],[126.98854,37.56039],[126.99052,37.5612],[126.99032,37.56296],[126.99143,37.5633],[126.99347,37.563]]]]}},{"type":"Feature","properties":{"code":"11140580","name":"중구 장충동","share":0.0852,"foreign":1312},"geometry":{"type":"MultiPolygon","coordinates":[[[[127.00957,37.56303],[127.00936,37.56205],[127.00986,37.56033],[127.00727,37.55628],[127.00453,37.55393],[127.00378,37.55191],[127.00423,37.55038],[127.00268,37.5496],[127.00025,37.54951],[126.99852,37.54993],[126.99532,37.54724],[126.99319,37.54906],[126.99236,37.55009],[126.99258,37.55069],[126.99444,37.55228],[126.99513,37.55227],[126.9974,37.55128],[126.99838,37.55323],[126.99857,37.55426],[127.00029,37.55524],[127.00251,37.55585],[127.00348,37.5567],[127.00388,37.55814],[127.00351,37.55883],[127.00264,37.55847],[127.0004,37.55939],[127.001,37.56106],[127.00117,37.56288],[127.00265,37.56243],[127.00522,37.5625],[127.00617,37.56287],[127.0067,37.56357],[127.00957,37.56303]]]]}},{"type":"Feature","properties":{"code":"11140590","name":"중구 광희동","share":0.0984,"foreign":3590},"geometry":{"type":"MultiPolygon","coordinates":[[[[127.00957,37.56303],[127.0067,37.56357],[127.00617,37.56287],[127.00522,37.5625],[127.00265,37.56243],[127.00117,37.56288],[126.99475,37.56143],[126.99372,37.56172],[126.99336,37.56261],[126.99505,37.56509],[126.99589,37.56547],[127.00153,37.56588],[127.00323,37.56529],[127.00416,37.56676],[127.00499,37.56882],[127.00546,37.56931],[127.00668,37.56965],[127.00959,37.56978],[127.01176,37.56781],[127.01192,37.56647],[127.01189,37.56609],[127.01051,37.56577],[127.00957,37.56303]]]]}},{"type":"Feature","properties":{"code":"11140605","name":"중구 을지로동","share":0.0782,"foreign":2227},"geometry":{"type":"MultiPolygon","coordinates":[[[[126.99347,37.563],[126.99143,37.5633],[126.98989,37.56288],[126.98876,37.56291],[126.98859,37.56525],[126.98976,37.56613],[126.9906,37.56618],[126.99087,37.56824],[126.9967,37.56871],[127.00162,37.56959],[127.00668,37.56965],[127.00546,37.56931],[127.00499,37.56882],[127.00416,37.56676],[127.00323,37.56529],[127.00153,37.56588],[126.99589,37.56547],[126.99505,37.56509],[126.99347,37.563]]]]}},{"type":"Feature","properties":{"code":"11140650","name":"중구 신당5동","share":0.0075,"foreign":51},"geometry":{"type":"MultiPolygon","coordinates":[[[[127.02362,37.56517],[127.02671,37.56499],[127.02676,37.56429],[127.02627,37.56299],[127.02349,37.56072],[127.02132,37.56112],[127.01877,37.56339],[127.01599,37.56412],[127.01807,37.56557],[127.02059,37.56576],[127.02362,37.56517]]]]}},{"type":"Feature","properties":{"code":"11140670","name":"중구 황학동","share":0.0205,"foreign":237},"geometry":{"type":"MultiPolygon","coordinates":[[[[127.02362,37.56517],[127.02059,37.56576],[127.01807,37.56557],[127.01751,37.57029],[127.01882,37.57098],[127.02337,37.57174],[127.02362,37.56517]]]]}},{"type":"Feature","properties":{"code":"11140680","name":"중구 중림동","share":0.0158,"foreign":155},"geometry":{"type":"MultiPolygon","coordinates":[[[[126.9714,37.5596],[126.97057,37.55931],[126.9693,37.55802],[126.96849,37.55538],[126.96572,37.55411],[126.96239,37.5515],[126.96171,37.55297],[126.9617,37.55534],[126.96205,37.55533],[126.9631,37.55642],[126.96322,37.55715],[126.96304,37.55818],[126.96148,37.55885],[126.96207,37.55926],[126.96376,37.55935],[126.9669,37.56131],[126.96959,37.56201],[126.9714,37.5596]]]]}},{"type":"Feature","properties":{"code":"11140615","name":"중구 신당동","share":0.0264,"foreign":572},"geometry":{"type":"MultiPolygon","coordinates":[[[[127.01807,37.56557],[127.01599,37.56412],[127.01426,37.56108],[127.01285,37.56058],[127.00936,37.56205],[127.01051,37.56577],[127.01189,37.56609],[127.01192,37.56647],[127.01176,37.56781],[127.00959,37.56978],[127.01601,37.56982],[127.01751,37.57029],[127.01807,37.56557]]]]}},{"type":"Feature","properties":{"code":"11140625","name":"중구 다산동","share":0.0116,"foreign":169},"geometry":{"type":"MultiPolygon","coordinates":[[[[127.01285,37.56058],[127.01364,37.56022],[127.01106,37.55553],[127.0096,37.5534],[127.00718,37.54829],[127.00658,37.54787],[127.00531,37.54771],[127.00589,37.5482],[127.00472,37.54835],[127.00378,37.55191],[127.00453,37.55393],[127.00727,37.55628],[127.00986,37.56033],[127.00936,37.56205],[127.01285,37.56058]]]]}},{"type":"Feature","properties":{"code":"11140635","name":"중구 약수동","share":0.0095,"foreign":116},"geometry":{"type":"MultiPolygon","coordinates":[[[[127.01631,37.55301],[127.01166,37.54851],[127.01068,37.54808],[127.00861,37.54398],[127.00726,37.54381],[127.00484,37.54618],[127.00531,37.54771],[127.00658,37.54787],[127.00718,37.54829],[127.0096,37.5534],[127.01106,37.55553],[127.01216,37.55506],[127.01196,37.55478],[127.01254,37.55395],[127.01354,37.55365],[127.0141,37.55434],[127.0145,37.55444],[127.01631,37.55301]]]]}},{"type":"Feature","properties":{"code":"11140645","name":"중구 청구동","share":0.0086,"foreign":67},"geometry":{"type":"MultiPolygon","coordinates":[[[[127.01937,37.5575],[127.01946,37.55734],[127.018,37.55666],[127.01741,37.55598],[127.01631,37.55301],[127.0145,37.55444],[127.0141,37.55434],[127.01354,37.55365],[127.01254,37.55395],[127.01196,37.55478],[127.01216,37.55506],[127.01106,37.55553],[127.01364,37.56022],[127.01285,37.56058],[127.01426,37.56108],[127.01393,37.56028],[127.01886,37.55843],[127.01937,37.5575]]]]}},{"type":"Feature","properties":{"code":"11140665","name":"중구 동화동","share":0.0073,"foreign":89},"geometry":{"type":"MultiPolygon","coordinates":[[[[127.02333,37.56074],[127.02286,37.55787],[127.01937,37.5575],[127.01886,37.55843],[127.01393,37.56028],[127.01599,37.56412],[127.01877,37.56339],[127.02132,37.56112],[127.02333,37.56074]]]]}},{"type":"Feature","properties":{"code":"11170510","name":"용산구 후암동","share":0.027,"foreign":322},"geometry":{"type":"MultiPolygon","coordinates":[[[[126.98543,37.55374],[126.98781,37.55149],[126.98737,37.5495],[126.98603,37.54785],[126.9838,37.54653],[126.97511,37.54551],[126.97429,37.54753],[126.97441,37.54898],[126.97515,37.55113],[126.97579,37.55225],[126.97666,37.55271],[126.97649,37.55313],[126.97663,37.55496],[126.97715,37.55498],[126.97983,37.55342],[126.98084,37.55393],[126.98148,37.55392],[126.98374,37.55304],[126.98447,37.55309],[126.98543,37.55374]]]]}},{"type":"Feature","properties":{"code":"11170520","name":"용산구 용산2가동","share":0.0548,"foreign":617},"geometry":{"type":"MultiPolygon","coordinates":[[[[126.99236,37.55009],[126.99319,37.54906],[126.99142,37.54783],[126.99095,37.54637],[126.98856,37.54305],[126.98678,37.5382],[126.98695,37.53568],[126.98738,37.53444],[126.98789,37.53438],[126.98861,37.53376],[126.99136,37.52991],[126.99167,37.52722],[126.98659,37.52711],[126.97977,37.52608],[126.9806,37.53471],[126.97912,37.5441],[126.97851,37.54604],[126.98399,37.54663],[126.98603,37.54785],[126.98737,37.5495],[126.98781,37.55149],[126.99236,37.55009]]]]}},{"type":"Feature","properties":{"code":"11170530","name":"용산구 남영동","share":0.0345,"foreign":903},"geometry":{"type":"MultiPolygon","coordinates":[[[[126.97666,37.55271],[126.97579,37.55225],[126.97515,37.55113],[126.97441,37.54898],[126.97429,37.54753],[126.97511,37.54551],[126.97851,37.54604],[126.97912,37.5441],[126.9806,37.53471],[126.97613,37.53457],[126.97507,37.53537],[126.97391,37.53777],[126.97321,37.54032],[126.97086,37.53914],[126.97071,37.5416],[126.97103,37.54172],[126.97104,37.5426],[126.9709,37.54853],[126.97005,37.55218],[126.9693,37.55204],[126.96907,37.5539],[126.97236,37.55439],[126.97666,37.55271]]]]}},{"type":"Feature","properties":{"code":"11170570","name":"용산구 원효로2동","share":0.0047,"foreign":61},"geometry":{"type":"MultiPolygon","coordinates":[[[[126.9607,37.5357],[126.96159,37.53315],[126.95968,37.53332],[126.95741,37.53274],[126.95365,37.53119],[126.94864,37.52855],[126.94467,37.53375],[126.94508,37.53493],[126.94605,37.5356],[126.94781,37.53562],[126.95113,37.53621],[126.95283,37.53728],[126.95301,37.53785],[126.95386,37.53729],[126.95495,37.53744],[126.9607,37.5357]]]]}},{"type":"Feature","properties":{"code":"11170580","name":"용산구 효창동","share":0.0038,"foreign":37},"geometry":{"type":"MultiPolygon","coordinates":[[[[126.9632,37.54868],[126.96341,37.5484],[126.96348,37.54671],[126.9625,37.5457],[126.96207,37.54404],[126.96222,37.54187],[126.96461,37.54249],[126.96488,37.54147],[126.96386,37.53861],[126.96075,37.53955],[126.96049,37.53921],[126.95791,37.53988],[126.95651,37.5407],[126.9577,37.54208],[126.95863,37.54558],[126.96293,37.54878],[126.9632,37.54868]]]]}},{"type":"Feature","properties":{"code":"11170590","name":"용산구 용문동","share":0.0058,"foreign":36},"geometry":{"type":"MultiPolygon","coordinates":[[[[126.96386,37.53861],[126.96317,37.53742],[126.9607,37.5357],[126.95495,37.53744],[126.95386,37.53729],[126.95301,37.53785],[126.95651,37.5407],[126.95791,37.53988],[126.96049,37.53921],[126.96075,37.53955],[126.96386,37.53861]]]]}},{"type":"Feature","properties":{"code":"11170630","name":"용산구 이촌1동","share":0.0048,"foreign":115},"geometry":{"type":"MultiPolygon","coordinates":[[[[126.97623,37.52179],[126.98246,37.51987],[126.98296,37.51939],[126.98307,37.51608],[126.98073,37.50657],[126.97405,37.50733],[126.96585,37.51051],[126.9572,37.51541],[126.95909,37.51803],[126.96176,37.52263],[126.96379,37.52204],[126.96514,37.52201],[126.97206,37.52304],[126.97623,37.52179]]]]}},{"type":"Feature","properties":{"code":"11170640","name":"용산구 이촌2동","share":0.0053,"foreign":37},"geometry":{"type":"MultiPolygon","coordinates":[[[[126.96176,37.52263],[126.95909,37.51803],[126.9572,37.51541],[126.94956,37.51781],[126.94965,37.52676],[126.94864,37.52855],[126.95461,37.53153],[126.95545,37.52697],[126.95753,37.52497],[126.96176,37.52263]]]]}},{"type":"Feature","properties":{"code":"11170650","name":"용산구 이태원1동","share":0.0583,"foreign":717},"geometry":{"type":"MultiPolygon","coordinates":[[[[126.99787,37.53261],[126.9948,37.52873],[126.99133,37.52947],[126.99136,37.52991],[126.99085,37.53066],[126.98878,37.53357],[126.98789,37.53438],[126.99534,37.53897],[126.99512,37.53822],[126.99704,37.53335],[126.99787,37.53261]]]]}},{"type":"Feature","properties":{"code":"11170660","name":"용산구 이태원2동","share":0.0436,"foreign":458},"geometry":{"type":"MultiPolygon","coordinates":[[[[126.99532,37.54724],[126.99651,37.54602],[126.99786,37.54222],[126.99781,37.54125],[126.99734,37.54072],[126.99552,37.53962],[126.99534,37.53897],[126.99456,37.53835],[126.98976,37.53565],[126.98781,37.53428],[126.98738,37.53444],[126.98695,37.53568],[126.98679,37.53746],[126.98697,37.5389],[126.98856,37.54305],[126.99095,37.54637],[126.99142,37.54783],[126.99319,37.54906],[126.99532,37.54724]]]]}},{"type":"Feature","properties":{"code":"11170690","name":"용산구 서빙고동","share":0.0143,"foreign":231},"geometry":{"type":"MultiPolygon","coordinates":[[[[126.99133,37.52947],[126.99536,37.52864],[126.99682,37.5278],[126.99709,37.52692],[126.99659,37.52589],[126.99701,37.52499],[127.00008,37.52276],[127.0004,37.52211],[127.00039,37.51795],[126.99062,37.51303],[126.98568,37.50663],[126.98073,37.50657],[126.98307,37.51608],[126.98296,37.51939],[126.98246,37.51987],[126.97623,37.52179],[126.97977,37.52608],[126.98659,37.52711],[126.99167,37.52722],[126.99133,37.52947]]]]}},{"type":"Feature","properties":{"code":"11170700","name":"용산구 보광동","share":0.0111,"foreign":69},"geometry":{"type":"MultiPolygon","coordinates":[[[[127.00797,37.52459],[127.00443,37.52026],[127.00039,37.51795],[127.00026,37.52248],[126.99701,37.52499],[126.99659,37.52589],[126.99709,37.52692],[126.99682,37.5278],[126.9948,37.52873],[126.99787,37.53261],[126.9981,37.53264],[127.00092,37.53167],[127.00354,37.53001],[127.00369,37.52927],[127.00316,37.52883],[127.00285,37.52814],[127.00389,37.52717],[127.00797,37.52459]]]]}},{"type":"Feature","properties":{"code":"11170555","name":"용산구 청파동","share":0.0213,"foreign":473},"geometry":{"type":"MultiPolygon","coordinates":[[[[126.96907,37.5539],[126.9693,37.55204],[126.97005,37.55218],[126.9709,37.54853],[126.97103,37.54172],[126.96488,37.54147],[126.96461,37.54249],[126.96222,37.54187],[126.96207,37.54404],[126.9625,37.5457],[126.96348,37.54671],[126.96341,37.5484],[126.9632,37.54868],[126.96369,37.5489],[126.96394,37.5498],[126.96239,37.5515],[126.96572,37.55411],[126.96849,37.55538],[126.96907,37.5539]]]]}},{"type":"Feature","properties":{"code":"11170560","name":"용산구 원효로1동","share":0.0072,"foreign":135},"geometry":{"type":"MultiPolygon","coordinates":[[[[126.97086,37.53914],[126.97077,37.53668],[126.96946,37.53431],[126.9688,37.53402],[126.9668,37.53381],[126.96638,37.53423],[126.96488,37.53455],[126.96357,37.53428],[126.96159,37.53315],[126.96072,37.53576],[126.96317,37.53742],[126.96386,37.53861],[126.96488,37.54147],[126.97071,37.5416],[126.97086,37.53914]]]]}},{"type":"Feature","properties":{"code":"11170625","name":"용산구 한강로동","share":0.0342,"foreign":2623},"geometry":{"type":"MultiPolygon","coordinates":[[[[126.9806,37.53471],[126.97977,37.52608],[126.97623,37.52179],[126.97206,37.52304],[126.96514,37.52201],[126.96325,37.52217],[126.9602,37.52335],[126.95753,37.52497],[126.95545,37.52697],[126.95461,37.53153],[126.95874,37.53312],[126.95968,37.53332],[126.96159,37.53315],[126.96357,37.53428],[126.96474,37.53453],[126.96638,37.53423],[126.9668,37.53381],[126.96919,37.53415],[126.97027,37.53554],[126.97077,37.53668],[126.97086,37.53914],[126.97321,37.54032],[126.97391,37.53777],[126.97507,37.53537],[126.97613,37.53457],[126.9806,37.53471]]]]}},{"type":"Feature","properties":{"code":"11170685","name":"용산구 한남동","share":0.0467,"foreign":1658},"geometry":{"type":"MultiPolygon","coordinates":[[[[127.00531,37.54771],[127.00484,37.54618],[127.00726,37.54381],[127.00861,37.54398],[127.00834,37.54186],[127.00932,37.53968],[127.01153,37.53898],[127.01289,37.53931],[127.01479,37.5389],[127.02092,37.53512],[127.00797,37.52459],[127.00389,37.52717],[127.00285,37.52814],[127.00316,37.52883],[127.00369,37.52927],[127.00354,37.53001],[127.00092,37.53167],[126.99787,37.53261],[126.99704,37.53335],[126.99512,37.53822],[126.99552,37.53962],[126.99734,37.54072],[126.99781,37.54125],[126.99786,37.54222],[126.99651,37.54602],[126.99532,37.54724],[126.99852,37.54993],[127.00025,37.54951],[127.00268,37.5496],[127.00423,37.55038],[127.00472,37.54835],[127.00589,37.5482],[127.00531,37.54771]]]]}},{"type":"Feature","properties":{"code":"11200520","name":"성동구 왕십리2동","share":0.0065,"foreign":83},"geometry":{"type":"MultiPolygon","coordinates":[[[[127.03351,37.56252],[127.03107,37.56033],[127.0282,37.56027],[127.02678,37.55961],[127.02431,37.5579],[127.02286,37.55787],[127.02333,37.56074],[127.02627,37.56299],[127.02671,37.56388],[127.02671,37.56499],[127.03351,37.56252]]]]}},{"type":"Feature","properties":{"code":"11200540","name":"성동구 마장동","share":0.0072,"foreign":126},"geometry":{"type":"MultiPolygon","coordinates":[[[[127.04823,37.56538],[127.0469,37.56533],[127.04672,37.56435],[127.04529,37.5622],[127.03938,37.56194],[127.0365,37.56604],[127.03472,37.56625],[127.03304,37.56792],[127.03231,37.57014],[127.0351,37.57196],[127.03653,37.57252],[127.03793,37.5729],[127.04218,37.57302],[127.04384,37.57094],[127.04598,37.56961],[127.04776,37.56658],[127.04823,37.56538]]]]}},{"type":"Feature","properties":{"code":"11200550","name":"성동구 사근동","share":0.0082,"foreign":191},"geometry":{"type":"MultiPolygon","coordinates":[[[[127.04934,37.55264],[127.04664,37.55302],[127.04176,37.5527],[127.03983,37.55292],[127.03902,37.55386],[127.03935,37.55448],[127.03954,37.55574],[127.03883,37.56285],[127.03938,37.56194],[127.04529,37.5622],[127.04672,37.56435],[127.0469,37.56533],[127.04823,37.56538],[127.05,37.56271],[127.05166,37.55827],[127.05167,37.55689],[127.05116,37.555],[127.05061,37.554],[127.04934,37.55264]]]]}},{"type":"Feature","properties":{"code":"11200560","name":"성동구 행당1동","share":0.006,"foreign":288},"geometry":{"type":"MultiPolygon","coordinates":[[[[127.03883,37.56285],[127.03954,37.55574],[127.03935,37.55448],[127.03902,37.55386],[127.03423,37.5546],[127.03398,37.55851],[127.03077,37.55786],[127.03063,37.55847],[127.03107,37.56033],[127.03351,37.56252],[127.03545,37.56128],[127.03599,37.56245],[127.0365,37.56604],[127.03883,37.56285]]]]}},{"type":"Feature","properties":{"code":"11200570","name":"성동구 행당2동","share":0.002,"foreign":26},"geometry":{"type":"MultiPolygon","coordinates":[[[[127.03107,37.56033],[127.03063,37.55847],[127.03077,37.55786],[127.03398,37.55851],[127.03428,37.55486],[127.03194,37.55296],[127.03136,37.55292],[127.02951,37.55391],[127.0281,37.55412],[127.02593,37.55493],[127.0249,37.5557],[127.02431,37.5579],[127.02678,37.55961],[127.02809,37.56024],[127.03107,37.56033]]]]}},{"type":"Feature","properties":{"code":"11200580","name":"성동구 응봉동","share":0.0023,"foreign":18},"geometry":{"type":"MultiPolygon","coordinates":[[[[127.03902,37.55386],[127.04046,37.5525],[127.04006,37.55133],[127.03438,37.54816],[127.0325,37.54675],[127.0304,37.54627],[127.02953,37.5492],[127.02898,37.5491],[127.02951,37.55391],[127.03136,37.55292],[127.03194,37.55296],[127.03428,37.55486],[127.03423,37.5546],[127.03902,37.55386]]]]}},{"type":"Feature","properties":{"code":"11200590","name":"성동구 금호1가동","share":0.0021,"foreign":23},"geometry":{"type":"MultiPolygon","coordinates":[[[[127.02951,37.55391],[127.02898,37.5491],[127.02587,37.54832],[127.02608,37.54996],[127.02524,37.55212],[127.02478,37.55252],[127.02274,37.55326],[127.01998,37.5557],[127.01937,37.5575],[127.02431,37.5579],[127.02488,37.55573],[127.02574,37.55502],[127.0281,37.55412],[127.02951,37.55391]]]]}},{"type":"Feature","properties":{"code":"11200620","name":"성동구 금호4가동","share":0.0024,"foreign":25},"geometry":{"type":"MultiPolygon","coordinates":[[[[127.0304,37.54627],[127.03109,37.54596],[127.03089,37.54526],[127.0315,37.54251],[127.02287,37.54145],[127.01971,37.54515],[127.01683,37.54573],[127.01519,37.54707],[127.01445,37.5481],[127.01679,37.54847],[127.02542,37.54808],[127.02953,37.5492],[127.0304,37.54627]]]]}},{"type":"Feature","properties":{"code":"11200650","name":"성동구 성수1가1동","share":0.0329,"foreign":680},"geometry":{"type":"MultiPolygon","coordinates":[[[[127.04958,37.54417],[127.05188,37.54347],[127.05101,37.54191],[127.05046,37.54011],[127.05084,37.5373],[127.05045,37.53671],[127.04906,37.53255],[127.04667,37.534],[127.04031,37.5359],[127.0359,37.53584],[127.03599,37.53789],[127.0334,37.5413],[127.0315,37.54251],[127.03089,37.54526],[127.03109,37.54596],[127.0304,37.54627],[127.03122,37.54657],[127.03112,37.54607],[127.03436,37.54543],[127.03559,37.54631],[127.03672,37.54756],[127.04359,37.54596],[127.04397,37.54623],[127.04539,37.54614],[127.04912,37.54481],[127.04958,37.54417]]]]}},{"type":"Feature","properties":{"code":"11200660","name":"성동구 성수1가2동","share":0.0143,"foreign":377},"geometry":{"type":"MultiPolygon","coordinates":[[[[127.04934,37.55264],[127.05252,37.55169],[127.04958,37.54417],[127.04912,37.54481],[127.04539,37.54614],[127.04397,37.54623],[127.04359,37.54596],[127.03672,37.54756],[127.03559,37.54631],[127.03436,37.54543],[127.03112,37.54607],[127.03122,37.54657],[127.0325,37.54675],[127.03438,37.54816],[127.04006,37.55133],[127.04046,37.5525],[127.03983,37.55292],[127.04176,37.5527],[127.04664,37.55302],[127.04934,37.55264]]]]}},{"type":"Feature","properties":{"code":"11200670","name":"성동구 성수2가1동","share":0.0513,"foreign":1147},"geometry":{"type":"MultiPolygon","coordinates":[[[[127.06283,37.54019],[127.05657,37.5291],[127.04906,37.53255],[127.05045,37.53671],[127.05084,37.5373],[127.05046,37.54011],[127.05101,37.54191],[127.05188,37.54347],[127.06283,37.54019]]]]}},{"type":"Feature","properties":{"code":"11200690","name":"성동구 성수2가3동","share":0.0635,"foreign":4837},"geometry":{"type":"MultiPolygon","coordinates":[[[[127.0675,37.54831],[127.06283,37.54019],[127.04958,37.54417],[127.05218,37.55084],[127.05737,37.54901],[127.06004,37.54833],[127.06311,37.54809],[127.0675,37.54831]]]]}},{"type":"Feature","properties":{"code":"11200720","name":"성동구 송정동","share":0.0081,"foreign":74},"geometry":{"type":"MultiPolygon","coordinates":[[[[127.0737,37.55944],[127.0675,37.54831],[127.06311,37.54809],[127.06004,37.54833],[127.05737,37.54901],[127.05218,37.55084],[127.05252,37.55169],[127.05985,37.54967],[127.06295,37.55005],[127.06408,37.5508],[127.06642,37.55407],[127.06951,37.5575],[127.0718,37.55945],[127.0737,37.55944]]]]}},{"type":"Feature","properties":{"code":"11200790","name":"성동구 용답동","share":0.0075,"foreign":130},"geometry":{"type":"MultiPolygon","coordinates":[[[[127.05684,37.56377],[127.05905,37.56231],[127.0655,37.56115],[127.06555,37.56135],[127.07071,37.56058],[127.0737,37.55944],[127.0718,37.55945],[127.06951,37.5575],[127.06642,37.55407],[127.06495,37.55187],[127.06354,37.55035],[127.06242,37.54985],[127.05966,37.54972],[127.04934,37.55264],[127.05061,37.554],[127.05116,37.555],[127.05167,37.55689],[127.05166,37.55827],[127.05,37.56271],[127.04823,37.56538],[127.04776,37.56658],[127.04598,37.56961],[127.04384,37.57094],[127.04218,37.57302],[127.04866,37.56987],[127.05684,37.56377]]]]}},{"type":"Feature","properties":{"code":"11200535","name":"성동구 왕십리도선동","share":0.0096,"foreign":195},"geometry":{"type":"MultiPolygon","coordinates":[[[[127.03231,37.57014],[127.03304,37.56792],[127.03472,37.56625],[127.0365,37.56604],[127.03599,37.56245],[127.03545,37.56128],[127.03351,37.56252],[127.02742,37.56487],[127.02362,37.56517],[127.02337,37.57174],[127.03036,37.56982],[127.03231,37.57014]]]]}},{"type":"Feature","properties":{"code":"11200615","name":"성동구 금호2·3가동","share":0.0037,"foreign":55},"geometry":{"type":"MultiPolygon","coordinates":[[[[127.02587,37.54832],[127.02542,37.54808],[127.01679,37.54847],[127.01445,37.5481],[127.01437,37.54913],[127.01321,37.54994],[127.01631,37.55301],[127.01741,37.55598],[127.01788,37.55657],[127.01946,37.55734],[127.01998,37.5557],[127.02274,37.55326],[127.02478,37.55252],[127.02524,37.55212],[127.02608,37.54996],[127.02587,37.54832]]]]}},{"type":"Feature","properties":{"code":"11200645","name":"성동구 옥수동","share":0.003,"foreign":80},"geometry":{"type":"MultiPolygon","coordinates":[[[[127.01445,37.5481],[127.01519,37.54707],[127.01683,37.54573],[127.01971,37.54515],[127.02287,37.54145],[127.0315,37.54251],[127.0334,37.5413],[127.03599,37.53789],[127.0359,37.53584],[127.02156,37.53553],[127.02092,37.53512],[127.01479,37.5389],[127.01289,37.53931],[127.01153,37.53898],[127.00947,37.53958],[127.00834,37.54186],[127.00843,37.54286],[127.00861,37.54398],[127.01068,37.54808],[127.01166,37.54851],[127.01321,37.54994],[127.01437,37.54913],[127.01445,37.5481]]]]}},{"type":"Feature","properties":{"code":"11215710","name":"광진구 화양동","share":0.013,"foreign":478},"geometry":{"type":"MultiPolygon","coordinates":[[[[127.07406,37.54734],[127.07733,37.5459],[127.07948,37.54543],[127.08161,37.5453],[127.08238,37.54497],[127.08128,37.54281],[127.0814,37.54202],[127.08293,37.54137],[127.08229,37.54004],[127.07995,37.539],[127.07526,37.53933],[127.07514,37.53871],[127.07055,37.53983],[127.06394,37.54215],[127.0675,37.54831],[127.0717,37.54788],[127.07406,37.54734]]]]}},{"type":"Feature","properties":{"code":"11215730","name":"광진구 군자동","share":0.0057,"foreign":128},"geometry":{"type":"MultiPolygon","coordinates":[[[[127.07793,37.55778],[127.07914,37.55704],[127.0792,37.55663],[127.07616,37.5506],[127.07406,37.54734],[127.0717,37.54788],[127.0675,37.54831],[127.0737,37.55944],[127.07793,37.55778]]]]}},{"type":"Feature","properties":{"code":"11215740","name":"광진구 중곡1동","share":0.0033,"foreign":44},"geometry":{"type":"MultiPolygon","coordinates":[[[[127.08336,37.56421],[127.07986,37.5578],[127.07793,37.55778],[127.0721,37.56005],[127.07585,37.56664],[127.08336,37.56421]]]]}},{"type":"Feature","properties":{"code":"11215750","name":"광진구 중곡2동","share":0.0022,"foreign":34},"geometry":{"type":"MultiPolygon","coordinates":[[[[127.08692,37.56351],[127.08867,37.55329],[127.08741,37.55406],[127.07963,37.55723],[127.08336,37.56421],[127.08539,37.56349],[127.08692,37.56351]]]]}},{"type":"Feature","properties":{"code":"11215760","name":"광진구 중곡3동","share":0.0022,"foreign":26},"geometry":{"type":"MultiPolygon","coordinates":[[[[127.08617,37.57082],[127.08606,37.56857],[127.08692,37.56351],[127.08539,37.56349],[127.07585,37.56664],[127.07858,37.57186],[127.08617,37.57082]]]]}},{"type":"Feature","properties":{"code":"11215770","name":"광진구 중곡4동","share":0.0017,"foreign":36},"geometry":{"type":"MultiPolygon","coordinates":[[[[127.10115,37.56002],[127.09946,37.55823],[127.09767,37.55743],[127.09614,37.55719],[127.09091,37.5528],[127.08963,37.5524],[127.08867,37.55329],[127.08606,37.56857],[127.08617,37.57082],[127.08816,37.57082],[127.0884,37.57008],[127.08909,37.57018],[127.09035,37.56962],[127.0918,37.56965],[127.09231,37.56987],[127.09263,37.57041],[127.09331,37.57031],[127.09457,37.5706],[127.10093,37.57356],[127.10164,37.57256],[127.10297,37.57237],[127.10383,37.57183],[127.10418,37.571],[127.10334,37.56965],[127.10109,37.56091],[127.10115,37.56002]]]]}},{"type":"Feature","properties":{"code":"11215780","name":"광진구 능동","share":0.0064,"foreign":90},"geometry":{"type":"MultiPolygon","coordinates":[[[[127.08867,37.55329],[127.08963,37.5524],[127.08955,37.55179],[127.086,37.54945],[127.08542,37.54872],[127.08569,37.54614],[127.08506,37.54511],[127.07948,37.54543],[127.07733,37.5459],[127.07406,37.54734],[127.07616,37.5506],[127.0792,37.55663],[127.07914,37.55704],[127.07793,37.55778],[127.07986,37.5578],[127.07963,37.55723],[127.08009,37.55693],[127.08741,37.55406],[127.08867,37.55329]]]]}},{"type":"Feature","properties":{"code":"11215850","name":"광진구 구의1동","share":0.0042,"foreign":76},"geometry":{"type":"MultiPolygon","coordinates":[[[[127.08506,37.54511],[127.09065,37.54469],[127.08905,37.5379],[127.08355,37.53663],[127.08293,37.54137],[127.08128,37.54216],[127.08135,37.54308],[127.08238,37.54497],[127.08161,37.5453],[127.08506,37.54511]]]]}},{"type":"Feature","properties":{"code":"11215860","name":"광진구 구의2동","share":0.002,"foreign":32},"geometry":{"type":"MultiPolygon","coordinates":[[[[127.10425,37.55988],[127.10339,37.55724],[127.10008,37.553],[127.09869,37.55199],[127.09824,37.55029],[127.09865,37.54902],[127.09778,37.54551],[127.09675,37.54585],[127.09318,37.54369],[127.09065,37.54469],[127.08506,37.54511],[127.08569,37.54614],[127.08542,37.54872],[127.086,37.54945],[127.08955,37.55179],[127.08963,37.5524],[127.09091,37.5528],[127.09614,37.55719],[127.09767,37.55743],[127.09946,37.55823],[127.10115,37.56002],[127.10425,37.55988]]]]}},{"type":"Feature","properties":{"code":"11215870","name":"광진구 구의3동","share":0.0031,"foreign":84},"geometry":{"type":"MultiPolygon","coordinates":[[[[127.09318,37.54369],[127.1032,37.53467],[127.09896,37.52795],[127.09812,37.52756],[127.09225,37.52679],[127.09165,37.53326],[127.09088,37.53366],[127.09013,37.5334],[127.08926,37.53638],[127.08942,37.53745],[127.08905,37.5379],[127.09065,37.54469],[127.09318,37.54369]]]]}},{"type":"Feature","properties":{"code":"11215810","name":"광진구 광장동","share":0.0042,"foreign":140},"geometry":{"type":"MultiPolygon","coordinates":[[[[127.11377,37.55889],[127.11389,37.55333],[127.11244,37.54951],[127.11207,37.54755],[127.10956,37.54347],[127.1032,37.53467],[127.09318,37.54369],[127.09675,37.54585],[127.09778,37.54551],[127.09865,37.54902],[127.09824,37.55029],[127.09869,37.55199],[127.10008,37.553],[127.10339,37.55724],[127.10425,37.55988],[127.10896,37.55982],[127.11002,37.55846],[127.11147,37.55889],[127.11377,37.55889]]]]}},{"type":"Feature","properties":{"code":"11215820","name":"광진구 자양1동","share":0.0042,"foreign":79},"geometry":{"type":"MultiPolygon","coordinates":[[[[127.08355,37.53663],[127.08535,37.53246],[127.08399,37.53181],[127.08259,37.53147],[127.08138,37.53151],[127.07566,37.5332],[127.07717,37.53821],[127.07514,37.53871],[127.07526,37.53933],[127.07995,37.539],[127.08229,37.54004],[127.08293,37.54137],[127.08355,37.53663]]]]}},{"type":"Feature","properties":{"code":"11215830","name":"광진구 자양2동","share":0.0027,"foreign":63},"geometry":{"type":"MultiPolygon","coordinates":[[[[127.09225,37.52679],[127.09044,37.526],[127.08429,37.52442],[127.07758,37.52358],[127.07258,37.52378],[127.07386,37.52703],[127.07566,37.5332],[127.08138,37.53151],[127.08259,37.53147],[127.08399,37.53181],[127.08535,37.53246],[127.08355,37.53663],[127.08905,37.5379],[127.08942,37.53745],[127.08926,37.53638],[127.09013,37.5334],[127.09088,37.53366],[127.09165,37.53326],[127.09225,37.52679]]]]}},{"type":"Feature","properties":{"code":"11215840","name":"광진구 자양3동","share":0.0039,"foreign":83},"geometry":{"type":"MultiPolygon","coordinates":[[[[127.07514,37.53871],[127.07717,37.53821],[127.07386,37.52703],[127.07258,37.52378],[127.06526,37.5256],[127.06556,37.52741],[127.06715,37.53251],[127.07055,37.53983],[127.07514,37.53871]]]]}},{"type":"Feature","properties":{"code":"11215847","name":"광진구 자양4동","share":0.0236,"foreign":680},"geometry":{"type":"MultiPolygon","coordinates":[[[[127.07055,37.53983],[127.06715,37.53251],[127.06556,37.52741],[127.06526,37.5256],[127.05657,37.5291],[127.06394,37.54215],[127.07055,37.53983]]]]}},{"type":"Feature","properties":{"code":"11230710","name":"동대문구 회기동","share":0.0099,"foreign":177},"geometry":{"type":"MultiPolygon","coordinates":[[[[127.05203,37.59995],[127.05263,37.59942],[127.0546,37.59573],[127.05505,37.59357],[127.0569,37.59145],[127.05283,37.58728],[127.05183,37.58792],[127.04826,37.58881],[127.0477,37.59014],[127.04741,37.59459],[127.04765,37.59629],[127.04816,37.59756],[127.05027,37.60111],[127.05133,37.60163],[127.05203,37.59995]]]]}},{"type":"Feature","properties":{"code":"11230720","name":"동대문구 휘경1동","share":0.0069,"foreign":105},"geometry":{"type":"MultiPolygon","coordinates":[[[[127.06963,37.59488],[127.07036,37.59248],[127.05699,37.5886],[127.05495,37.58782],[127.05328,37.58781],[127.0569,37.59145],[127.05784,37.59279],[127.06163,37.5932],[127.06443,37.59463],[127.06512,37.59532],[127.06963,37.59488]]]]}},{"type":"Feature","properties":{"code":"11230730","name":"동대문구 휘경2동","share":0.003,"foreign":47},"geometry":{"type":"MultiPolygon","coordinates":[[[[127.07072,37.59091],[127.07163,37.58795],[127.07723,37.58098],[127.07535,37.581],[127.06868,37.58228],[127.06726,37.58215],[127.06431,37.58301],[127.06442,37.58462],[127.06349,37.58516],[127.06205,37.5855],[127.06067,37.58512],[127.05788,37.5851],[127.05773,37.58591],[127.05637,37.58632],[127.05603,37.58599],[127.05598,37.58524],[127.05492,37.58426],[127.05495,37.58782],[127.05699,37.5886],[127.07036,37.59248],[127.07072,37.59091]]]]}},{"type":"Feature","properties":{"code":"11230705","name":"동대문구 청량리동","share":0.0059,"foreign":126},"geometry":{"type":"MultiPolygon","coordinates":[[[[127.04765,37.59629],[127.04741,37.59459],[127.0477,37.59014],[127.04826,37.58881],[127.05183,37.58792],[127.05283,37.58728],[127.05006,37.58398],[127.0462,37.58095],[127.04347,37.57977],[127.04335,37.58134],[127.04411,37.58136],[127.0424,37.58673],[127.04042,37.58666],[127.03965,37.58856],[127.04067,37.59001],[127.04058,37.59056],[127.03998,37.59125],[127.03906,37.59127],[127.04075,37.5958],[127.04352,37.59691],[127.04765,37.59629]]]]}},{"type":"Feature","properties":{"code":"11230515","name":"동대문구 신설동","share":null,"foreign":0},"geometry":{"type":"MultiPolygon","coordinates":[[[[127.02982,37.58123],[127.03072,37.57388],[127.03456,37.574],[127.03484,37.57322],[127.03572,37.5726],[127.03648,37.5725],[127.0351,37.57196],[127.03231,37.57014],[127.03036,37.56982],[127.02337,37.57174],[127.02317,37.57804],[127.02447,37.5792],[127.0295,37.58272],[127.02982,37.58123]]]]}},{"type":"Feature","properties":{"code":"11230545","name":"동대문구 제기동","share":0.009,"foreign":263},"geometry":{"type":"MultiPolygon","coordinates":[[[[127.04347,37.57977],[127.03873,37.57823],[127.03282,37.57812],[127.03276,37.57893],[127.03163,37.58135],[127.02982,37.58123],[127.0295,37.58272],[127.03639,37.58992],[127.03649,37.59125],[127.03998,37.59125],[127.04058,37.59056],[127.04067,37.59001],[127.03965,37.58856],[127.04042,37.58666],[127.0424,37.58673],[127.04411,37.58136],[127.04335,37.58134],[127.04347,37.57977]]]]}},{"type":"Feature","properties":{"code":"11230560","name":"동대문구 전농1동","share":0.0077,"foreign":280},"geometry":{"type":"MultiPolygon","coordinates":[[[[127.05492,37.58426],[127.05358,37.58345],[127.05765,37.57779],[127.05763,37.57536],[127.05423,37.57358],[127.05223,37.57337],[127.05069,37.57425],[127.04835,37.57414],[127.04722,37.57281],[127.04552,37.57402],[127.04492,37.57735],[127.04327,37.57833],[127.04251,37.57935],[127.0462,37.58095],[127.04896,37.58311],[127.05006,37.58398],[127.05328,37.58781],[127.05495,37.58782],[127.05492,37.58426]]]]}},{"type":"Feature","properties":{"code":"11230570","name":"동대문구 전농2동","share":0.003,"foreign":39},"geometry":{"type":"MultiPolygon","coordinates":[[[[127.06838,37.58225],[127.06701,37.5766],[127.06439,37.57644],[127.06005,37.57548],[127.05763,37.57536],[127.05765,37.57779],[127.05358,37.58345],[127.0556,37.58476],[127.05598,37.58524],[127.05603,37.58599],[127.05637,37.58632],[127.05773,37.58591],[127.05788,37.5851],[127.06067,37.58512],[127.06166,37.58552],[127.06349,37.58516],[127.06442,37.58462],[127.06431,37.58301],[127.06726,37.58215],[127.06838,37.58225]]]]}},{"type":"Feature","properties":{"code":"11230610","name":"동대문구 답십리2동","share":0.0039,"foreign":71},"geometry":{"type":"MultiPolygon","coordinates":[[[[127.06631,37.57276],[127.06518,37.57088],[127.06114,37.56556],[127.05777,37.56302],[127.05684,37.56377],[127.05763,37.57536],[127.06005,37.57548],[127.06439,37.57644],[127.06701,37.5766],[127.06631,37.57276]]]]}},{"type":"Feature","properties":{"code":"11230650","name":"동대문구 장안1동","share":0.0074,"foreign":243},"geometry":{"type":"MultiPolygon","coordinates":[[[[127.07858,37.57186],[127.07778,37.57008],[127.0721,37.56005],[127.07071,37.56058],[127.06555,37.56135],[127.0655,37.56115],[127.05939,37.56223],[127.05777,37.56302],[127.06114,37.56556],[127.06518,37.57088],[127.06631,37.57276],[127.07094,37.5724],[127.07141,37.5718],[127.06878,37.56769],[127.07244,37.56779],[127.07445,37.57216],[127.07858,37.57186]]]]}},{"type":"Feature","properties":{"code":"11230660","name":"동대문구 장안2동","share":0.0029,"foreign":81},"geometry":{"type":"MultiPolygon","coordinates":[[[[127.07723,37.58098],[127.07832,37.57678],[127.07858,37.57186],[127.07445,37.57216],[127.07244,37.56779],[127.06878,37.56769],[127.07141,37.5718],[127.07094,37.5724],[127.06631,37.57276],[127.06838,37.58225],[127.07535,37.581],[127.07723,37.58098]]]]}},{"type":"Feature","properties":{"code":"11230740","name":"동대문구 이문1동","share":0.0078,"foreign":228},"geometry":{"type":"MultiPolygon","coordinates":[[[[127.06983,37.59775],[127.06963,37.59488],[127.06512,37.59532],[127.06443,37.59463],[127.06163,37.5932],[127.05784,37.59279],[127.0569,37.59145],[127.05505,37.59357],[127.0546,37.59573],[127.05263,37.59942],[127.05203,37.59995],[127.06005,37.6021],[127.06077,37.60357],[127.06204,37.60154],[127.06198,37.60026],[127.06845,37.59785],[127.06983,37.59775]]]]}},{"type":"Feature","properties":{"code":"11230750","name":"동대문구 이문2동","share":0.005,"foreign":49},"geometry":{"type":"MultiPolygon","coordinates":[[[[127.07172,37.60681],[127.0727,37.60279],[127.07265,37.60168],[127.07199,37.60032],[127.06983,37.59775],[127.06845,37.59785],[127.06198,37.60026],[127.06204,37.60154],[127.06077,37.60357],[127.06233,37.60528],[127.06497,37.60587],[127.06625,37.60582],[127.06873,37.60687],[127.06859,37.60932],[127.06936,37.60933],[127.07172,37.60681]]]]}},{"type":"Feature","properties":{"code":"11230600","name":"동대문구 답십리1동","share":0.0039,"foreign":83},"geometry":{"type":"MultiPolygon","coordinates":[[[[127.05763,37.57536],[127.05684,37.56377],[127.04866,37.56987],[127.04218,37.57302],[127.04492,37.57735],[127.04552,37.57402],[127.04722,37.57281],[127.04835,37.57414],[127.05069,37.57425],[127.05223,37.57337],[127.05423,37.57358],[127.05763,37.57536]]]]}},{"type":"Feature","properties":{"code":"11260520","name":"중랑구 면목2동","share":0.0024,"foreign":40},"geometry":{"type":"MultiPolygon","coordinates":[[[[127.08677,37.59277],[127.08409,37.58761],[127.07368,37.58535],[127.07163,37.58795],[127.07072,37.59091],[127.07865,37.59297],[127.07903,37.59216],[127.08012,37.59156],[127.08677,37.59277]]]]}},{"type":"Feature","properties":{"code":"11260540","name":"중랑구 면목4동","share":0.0015,"foreign":19},"geometry":{"type":"MultiPolygon","coordinates":[[[[127.09575,37.5711],[127.09419,37.57047],[127.09263,37.57041],[127.09231,37.56987],[127.0918,37.56965],[127.09072,37.56958],[127.08909,37.57018],[127.0884,37.57008],[127.08816,37.57082],[127.08617,37.57082],[127.07858,37.57186],[127.07832,37.57678],[127.07961,37.57738],[127.07966,37.57679],[127.08068,37.57637],[127.08876,37.57699],[127.0949,37.57245],[127.09545,37.57196],[127.09575,37.5711]]]]}},{"type":"Feature","properties":{"code":"11260550","name":"중랑구 면목5동","share":0.0016,"foreign":16},"geometry":{"type":"MultiPolygon","coordinates":[[[[127.08353,37.58444],[127.08339,37.58115],[127.07961,37.57738],[127.07832,37.57678],[127.07723,37.58098],[127.07368,37.58535],[127.08409,37.58761],[127.08353,37.58444]]]]}},{"type":"Feature","properties":{"code":"11260570","name":"중랑구 면목7동","share":0.0008,"foreign":11},"geometry":{"type":"MultiPolygon","coordinates":[[[[127.10268,37.57891],[127.10267,37.5783],[127.10126,37.57498],[127.10093,37.57356],[127.09575,37.5711],[127.09545,37.57196],[127.0949,37.57245],[127.08876,37.57699],[127.08068,37.57637],[127.07966,37.57679],[127.07961,37.57738],[127.08339,37.58115],[127.08906,37.58065],[127.09498,37.58074],[127.10268,37.57891]]]]}},{"type":"Feature","properties":{"code":"11260580","name":"중랑구 상봉1동","share":0.0014,"foreign":25},"geometry":{"type":"MultiPolygon","coordinates":[[[[127.0958,37.60061],[127.09552,37.59946],[127.09279,37.59816],[127.08028,37.595],[127.08033,37.59587],[127.0831,37.59643],[127.08653,37.60066],[127.08699,37.60197],[127.08709,37.60421],[127.08696,37.60628],[127.0861,37.60873],[127.0865,37.60938],[127.08796,37.6099],[127.09075,37.60744],[127.09127,37.60726],[127.09363,37.60495],[127.09429,37.60243],[127.0951,37.60088],[127.09547,37.60053],[127.0958,37.60061]]]]}},{"type":"Feature","properties":{"code":"11260590","name":"중랑구 상봉2동","share":0.0035,"foreign":80},"geometry":{"type":"MultiPolygon","coordinates":[[[[127.0932,37.59415],[127.08012,37.59156],[127.07903,37.59216],[127.07865,37.59297],[127.07072,37.59091],[127.07036,37.59248],[127.09279,37.59816],[127.0932,37.59415]]]]}},{"type":"Feature","properties":{"code":"11260600","name":"중랑구 중화1동","share":0.0021,"foreign":26},"geometry":{"type":"MultiPolygon","coordinates":[[[[127.08033,37.59587],[127.08028,37.59737],[127.07874,37.60537],[127.08048,37.60557],[127.08325,37.60661],[127.08515,37.60801],[127.08598,37.60936],[127.0865,37.60938],[127.0861,37.60873],[127.08696,37.60628],[127.08709,37.60421],[127.08699,37.60197],[127.08653,37.60066],[127.0831,37.59643],[127.08033,37.59587]]]]}},{"type":"Feature","properties":{"code":"11260610","name":"중랑구 중화2동","share":0.0021,"foreign":48},"geometry":{"type":"MultiPolygon","coordinates":[[[[127.08033,37.59587],[127.08028,37.595],[127.07036,37.59248],[127.06963,37.59488],[127.06983,37.59775],[127.07246,37.60111],[127.07272,37.60244],[127.07232,37.60466],[127.07874,37.60537],[127.08028,37.59737],[127.08033,37.59587]]]]}},{"type":"Feature","properties":{"code":"11260620","name":"중랑구 묵1동","share":0.0013,"foreign":28},"geometry":{"type":"MultiPolygon","coordinates":[[[[127.08954,37.61964],[127.09049,37.61749],[127.08876,37.61501],[127.08588,37.61489],[127.08476,37.61168],[127.08531,37.60999],[127.08598,37.60936],[127.08565,37.60862],[127.08515,37.60801],[127.08325,37.60661],[127.08048,37.60557],[127.07874,37.60537],[127.07746,37.61209],[127.07585,37.61708],[127.08164,37.61925],[127.08415,37.61963],[127.08573,37.62017],[127.08954,37.61964]]]]}},{"type":"Feature","properties":{"code":"11260630","name":"중랑구 묵2동","share":0.0017,"foreign":26},"geometry":{"type":"MultiPolygon","coordinates":[[[[127.07874,37.60537],[127.07232,37.60466],[127.07172,37.60681],[127.0714,37.61563],[127.07585,37.61708],[127.07746,37.61209],[127.07874,37.60537]]]]}},{"type":"Feature","properties":{"code":"11260660","name":"중랑구 망우3동","share":0.003,"foreign":23},"geometry":{"type":"MultiPolygon","coordinates":[[[[127.1124,37.59186],[127.11014,37.58742],[127.10818,37.58827],[127.10726,37.58805],[127.10492,37.5881],[127.09739,37.59057],[127.09363,37.58975],[127.0932,37.59415],[127.10009,37.59564],[127.10087,37.59471],[127.10306,37.59494],[127.10808,37.59455],[127.1124,37.59186]]]]}},{"type":"Feature","properties":{"code":"11260680","name":"중랑구 신내1동","share":0.0012,"foreign":37},"geometry":{"type":"MultiPolygon","coordinates":[[[[127.11567,37.61929],[127.11697,37.61743],[127.11667,37.61577],[127.11759,37.61171],[127.1168,37.60991],[127.11662,37.60882],[127.11312,37.60948],[127.1094,37.61207],[127.10368,37.61328],[127.10134,37.6132],[127.1011,37.6093],[127.10208,37.60906],[127.10328,37.60974],[127.10358,37.60955],[127.1038,37.60879],[127.10319,37.60593],[127.10047,37.60055],[127.09552,37.59946],[127.0958,37.60061],[127.09661,37.60098],[127.09541,37.60465],[127.09514,37.60755],[127.09601,37.60983],[127.0964,37.612],[127.09642,37.61279],[127.09588,37.61509],[127.09049,37.61749],[127.08954,37.61964],[127.09305,37.61804],[127.09615,37.6171],[127.09704,37.61705],[127.1005,37.61888],[127.10151,37.6198],[127.10571,37.62083],[127.10614,37.6206],[127.10875,37.62046],[127.11085,37.62078],[127.11395,37.61943],[127.11567,37.61929]]]]}},{"type":"Feature","properties":{"code":"11260690","name":"중랑구 신내2동","share":0.0013,"foreign":16},"geometry":{"type":"MultiPolygon","coordinates":[[[[127.0958,37.60061],[127.09547,37.60053],[127.0951,37.60088],[127.09429,37.60243],[127.09363,37.60495],[127.09127,37.60726],[127.09075,37.60744],[127.08796,37.6099],[127.08598,37.60936],[127.08531,37.60999],[127.08477,37.61153],[127.08588,37.61489],[127.08876,37.61501],[127.09049,37.61749],[127.09588,37.61509],[127.09642,37.61279],[127.0964,37.612],[127.09601,37.60983],[127.09514,37.60755],[127.09541,37.60465],[127.09661,37.60098],[127.0958,37.60061]]]]}},{"type":"Feature","properties":{"code":"11260565","name":"중랑구 면목본동","share":0.0014,"foreign":33},"geometry":{"type":"MultiPolygon","coordinates":[[[[127.09363,37.58975],[127.09488,37.58591],[127.0937,37.58369],[127.08353,37.58444],[127.08409,37.58761],[127.08677,37.59277],[127.0932,37.59415],[127.09363,37.58975]]]]}},{"type":"Feature","properties":{"code":"11260575","name":"중랑구 면목3·8동","share":0.0023,"foreign":41},"geometry":{"type":"MultiPolygon","coordinates":[[[[127.11014,37.58742],[127.10933,37.58466],[127.10603,37.58456],[127.10267,37.5841],[127.09975,37.58305],[127.10047,37.58257],[127.10277,37.58176],[127.10268,37.57891],[127.09498,37.58074],[127.08906,37.58065],[127.08339,37.58115],[127.08353,37.58444],[127.0937,37.58369],[127.09488,37.58591],[127.09363,37.58975],[127.09739,37.59057],[127.10492,37.5881],[127.10726,37.58805],[127.10818,37.58827],[127.11014,37.58742]]]]}},{"type":"Feature","properties":{"code":"11260655","name":"중랑구 망우본동","share":0.0014,"foreign":54},"geometry":{"type":"MultiPolygon","coordinates":[[[[127.11662,37.60882],[127.1179,37.60814],[127.11832,37.60761],[127.11801,37.60458],[127.11522,37.60126],[127.11383,37.59996],[127.11396,37.59942],[127.11837,37.59502],[127.11782,37.59401],[127.11391,37.59334],[127.1124,37.59186],[127.10808,37.59455],[127.10306,37.59494],[127.10087,37.59471],[127.10009,37.59564],[127.0932,37.59415],[127.09279,37.59816],[127.09552,37.59946],[127.10047,37.60055],[127.10319,37.60593],[127.1038,37.60879],[127.10358,37.60955],[127.10328,37.60974],[127.10208,37.60906],[127.1011,37.6093],[127.10134,37.6132],[127.10368,37.61328],[127.1094,37.61207],[127.11312,37.60948],[127.11662,37.60882]]]]}},{"type":"Feature","properties":{"code":"11290580","name":"성북구 돈암1동","share":0.0023,"foreign":19},"geometry":{"type":"MultiPolygon","coordinates":[[[[127.02499,37.59413],[127.02257,37.59564],[127.02197,37.59698],[127.01972,37.59729],[127.01878,37.59848],[127.02164,37.60157],[127.02597,37.60318],[127.03022,37.604],[127.02678,37.6002],[127.0263,37.59896],[127.0257,37.5949],[127.02499,37.59413]]]]}},{"type":"Feature","properties":{"code":"11290590","name":"성북구 돈암2동","share":0.0029,"foreign":31},"geometry":{"type":"MultiPolygon","coordinates":[[[[127.01408,37.60081],[127.01392,37.60068],[127.01878,37.59848],[127.01972,37.59729],[127.01823,37.59691],[127.01615,37.59688],[127.01506,37.59841],[127.01289,37.59821],[127.01267,37.59668],[127.01342,37.59523],[127.01154,37.59397],[127.00953,37.59206],[127.00749,37.59163],[127.00723,37.59186],[127.00842,37.59312],[127.00842,37.59461],[127.00785,37.59599],[127.00725,37.59649],[127.00592,37.59668],[127.00573,37.59764],[127.00672,37.59873],[127.0113,37.59973],[127.01134,37.60084],[127.01261,37.60191],[127.01324,37.60189],[127.01408,37.60081]]]]}},{"type":"Feature","properties":{"code":"11290600","name":"성북구 안암동","share":0.0186,"foreign":511},"geometry":{"type":"MultiPolygon","coordinates":[[[[127.03649,37.59125],[127.03639,37.58992],[127.0295,37.58272],[127.02447,37.5792],[127.02192,37.58299],[127.02014,37.58756],[127.01878,37.58867],[127.01966,37.58941],[127.02211,37.58907],[127.02373,37.59096],[127.02388,37.59251],[127.02499,37.59413],[127.03026,37.59125],[127.03203,37.59115],[127.03554,37.59255],[127.03649,37.59125]]]]}},{"type":"Feature","properties":{"code":"11290610","name":"성북구 보문동","share":0.0054,"foreign":66},"geometry":{"type":"MultiPolygon","coordinates":[[[[127.02447,37.5792],[127.02317,37.57804],[127.01875,37.57753],[127.01801,37.57806],[127.0176,37.57969],[127.01679,37.58154],[127.01639,37.58184],[127.01469,37.58223],[127.01469,37.58454],[127.01652,37.58687],[127.01878,37.58867],[127.02014,37.58756],[127.02192,37.58299],[127.02447,37.5792]]]]}},{"type":"Feature","properties":{"code":"11290620","name":"성북구 정릉1동","share":0.0018,"foreign":21},"geometry":{"type":"MultiPolygon","coordinates":[[[[127.02164,37.60157],[127.01878,37.59848],[127.01392,37.60068],[127.01408,37.60081],[127.01331,37.60336],[127.01475,37.60538],[127.01584,37.60768],[127.01543,37.60946],[127.01342,37.61161],[127.01443,37.61357],[127.0146,37.61195],[127.01577,37.60996],[127.01777,37.60384],[127.01949,37.60238],[127.02164,37.60157]]]]}},{"type":"Feature","properties":{"code":"11290630","name":"성북구 정릉2동","share":0.0017,"foreign":25},"geometry":{"type":"MultiPolygon","coordinates":[[[[127.01408,37.60081],[127.01324,37.60189],[127.01247,37.60186],[127.01134,37.60084],[127.0113,37.59973],[127.00672,37.59873],[127.00573,37.59764],[127.00592,37.59668],[127.0047,37.59677],[127.00294,37.59796],[127.00293,37.5989],[127.00094,37.6015],[126.99956,37.60161],[126.99907,37.60328],[127.0046,37.60482],[127.00422,37.60694],[127.00353,37.6079],[127.00419,37.60868],[127.00747,37.6068],[127.00796,37.60598],[127.00935,37.60616],[127.009,37.60866],[127.01053,37.6081],[127.01158,37.60841],[127.01161,37.60957],[127.01198,37.61028],[127.01342,37.61161],[127.01543,37.60946],[127.01584,37.60768],[127.01475,37.60538],[127.01331,37.60336],[127.01408,37.60081]]]]}},{"type":"Feature","properties":{"code":"11290640","name":"성북구 정릉3동","share":0.0075,"foreign":101},"geometry":{"type":"MultiPolygon","coordinates":[[[[127.009,37.60866],[127.00935,37.60616],[127.00796,37.60598],[127.00747,37.6068],[127.00419,37.60868],[127.00353,37.6079],[127.00422,37.60694],[127.0046,37.60482],[126.99907,37.60328],[126.99956,37.60161],[126.99542,37.60267],[126.99393,37.60275],[126.98947,37.60253],[126.98774,37.60122],[126.9859,37.60714],[126.98627,37.60994],[126.98696,37.61057],[126.98707,37.61355],[126.9867,37.61468],[126.98281,37.61669],[126.9818,37.61931],[126.98208,37.61992],[126.98137,37.62173],[126.98087,37.62275],[126.97921,37.62457],[126.97967,37.62797],[126.98013,37.62835],[126.9812,37.62835],[126.98561,37.62363],[126.99225,37.61923],[126.99353,37.61812],[126.99299,37.61781],[126.99263,37.61703],[126.99312,37.61492],[126.9943,37.6133],[126.99513,37.61322],[126.99546,37.61341],[126.99756,37.6155],[126.99971,37.61663],[127.00082,37.61673],[127.00292,37.61629],[127.00576,37.61526],[127.008,37.61221],[127.009,37.60866]]]]}},{"type":"Feature","properties":{"code":"11290650","name":"성북구 정릉4동","share":0.0064,"foreign":86},"geometry":{"type":"MultiPolygon","coordinates":[[[[126.99319,37.63203],[126.9941,37.62992],[126.99455,37.62983],[126.99894,37.62688],[127.0029,37.62537],[127.0045,37.62444],[127.00644,37.62434],[127.00788,37.62391],[127.00737,37.62244],[127.00751,37.62102],[127.00849,37.61857],[127.00944,37.61817],[127.01147,37.61642],[127.01494,37.61542],[127.01525,37.61481],[127.01342,37.61161],[127.01198,37.61028],[127.01161,37.60957],[127.01158,37.60841],[127.01053,37.6081],[127.009,37.60866],[127.008,37.61221],[127.00576,37.61526],[127.00292,37.61629],[127.00082,37.61673],[126.99971,37.61663],[126.99756,37.6155],[126.99546,37.61341],[126.99513,37.61322],[126.9943,37.6133],[126.99312,37.61492],[126.99263,37.61703],[126.99299,37.61781],[126.99353,37.61812],[126.99268,37.61887],[126.98561,37.62363],[126.9812,37.62835],[126.98013,37.62835],[126.9805,37.62865],[126.98051,37.62905],[126.98009,37.62927],[126.97952,37.6292],[126.97821,37.62844],[126.97667,37.62884],[126.97635,37.62927],[126.97649,37.63009],[126.97507,37.63139],[126.97854,37.63385],[126.98359,37.63645],[126.98463,37.63656],[126.98606,37.6352],[126.99182,37.63231],[126.99319,37.63203]]]]}},{"type":"Feature","properties":{"code":"11290660","name":"성북구 길음1동","share":0.0016,"foreign":47},"geometry":{"type":"MultiPolygon","coordinates":[[[[127.02203,37.61229],[127.02422,37.60556],[127.02597,37.60318],[127.02164,37.60157],[127.01949,37.60238],[127.01777,37.60384],[127.01577,37.60996],[127.0146,37.61195],[127.01443,37.61357],[127.01525,37.61481],[127.01631,37.61496],[127.01926,37.61375],[127.02048,37.61255],[127.02203,37.61229]]]]}},{"type":"Feature","properties":{"code":"11290685","name":"성북구 길음2동","share":0.002,"foreign":36},"geometry":{"type":"MultiPolygon","coordinates":[[[[127.02998,37.61234],[127.03041,37.60914],[127.03218,37.60346],[127.03022,37.604],[127.02597,37.60318],[127.02422,37.60556],[127.02223,37.61127],[127.02722,37.61256],[127.02998,37.61234]]]]}},{"type":"Feature","properties":{"code":"11290715","name":"성북구 월곡1동","share":0.0035,"foreign":85},"geometry":{"type":"MultiPolygon","coordinates":[[[[127.0436,37.61143],[127.04255,37.60921],[127.04242,37.60759],[127.0404,37.60615],[127.03862,37.6053],[127.03688,37.60599],[127.03763,37.60333],[127.03852,37.60249],[127.03218,37.60346],[127.03041,37.60914],[127.0371,37.61271],[127.04052,37.61107],[127.04198,37.61095],[127.0436,37.61143]]]]}},{"type":"Feature","properties":{"code":"11290725","name":"성북구 월곡2동","share":0.0012,"foreign":27},"geometry":{"type":"MultiPolygon","coordinates":[[[[127.04544,37.61129],[127.04544,37.60951],[127.04736,37.60783],[127.04837,37.60788],[127.04928,37.60828],[127.05158,37.60995],[127.05242,37.60913],[127.05177,37.60811],[127.05072,37.60755],[127.05057,37.60685],[127.05216,37.60473],[127.05224,37.60286],[127.05133,37.60163],[127.05027,37.60111],[127.04816,37.59756],[127.04765,37.59629],[127.04352,37.59691],[127.04075,37.5958],[127.0408,37.59944],[127.04058,37.60028],[127.03999,37.60113],[127.03763,37.60333],[127.03688,37.60599],[127.03862,37.6053],[127.0404,37.60615],[127.04242,37.60759],[127.04255,37.60921],[127.0436,37.61143],[127.04455,37.61073],[127.04544,37.61129]]]]}},{"type":"Feature","properties":{"code":"11290760","name":"성북구 장위1동","share":0.0019,"foreign":31},"geometry":{"type":"MultiPolygon","coordinates":[[[[127.05039,37.61747],[127.04846,37.61591],[127.04839,37.61494],[127.04906,37.6135],[127.04889,37.61261],[127.04754,37.61164],[127.04544,37.61129],[127.04455,37.61073],[127.0436,37.61143],[127.04198,37.61095],[127.04088,37.61103],[127.0371,37.61271],[127.03912,37.61631],[127.04019,37.61595],[127.04396,37.61868],[127.04473,37.61955],[127.04673,37.61837],[127.04726,37.61916],[127.04933,37.62046],[127.05039,37.61747]]]]}},{"type":"Feature","properties":{"code":"11290770","name":"성북구 장위2동","share":0.002,"foreign":25},"geometry":{"type":"MultiPolygon","coordinates":[[[[127.06067,37.6128],[127.05177,37.60811],[127.05242,37.60913],[127.05158,37.60995],[127.04928,37.60828],[127.04804,37.60785],[127.04736,37.60783],[127.04538,37.60969],[127.04544,37.61129],[127.04754,37.61164],[127.04884,37.6124],[127.04906,37.6135],[127.04839,37.61494],[127.0484,37.61578],[127.05039,37.61747],[127.0546,37.61501],[127.05504,37.61522],[127.05822,37.61233],[127.06067,37.6128]]]]}},{"type":"Feature","properties":{"code":"11290780","name":"성북구 장위3동","share":0.0015,"foreign":14},"geometry":{"type":"MultiPolygon","coordinates":[[[[127.06289,37.61434],[127.06067,37.6128],[127.05822,37.61233],[127.05504,37.61522],[127.0546,37.61501],[127.05039,37.61747],[127.04933,37.62046],[127.04726,37.61916],[127.04673,37.61837],[127.04473,37.61955],[127.04792,37.62322],[127.04999,37.62443],[127.05421,37.62017],[127.06061,37.61565],[127.06091,37.61495],[127.06201,37.61438],[127.06289,37.61434]]]]}},{"type":"Feature","properties":{"code":"11290525","name":"성북구 성북동","share":0.0075,"foreign":134},"geometry":{"type":"MultiPolygon","coordinates":[[[[126.99956,37.60161],[127.00094,37.6015],[127.00293,37.5989],[127.00294,37.59796],[127.0047,37.59677],[127.00695,37.59659],[127.00785,37.59599],[127.00842,37.59461],[127.00842,37.59312],[127.00723,37.59186],[127.00749,37.59163],[127.00953,37.59206],[127.01154,37.59397],[127.01326,37.59181],[127.00504,37.58793],[127.00419,37.58795],[127.00234,37.58915],[127.00166,37.5901],[127.00191,37.59125],[127.00168,37.59175],[127.00079,37.59245],[126.99853,37.59251],[126.98914,37.59131],[126.98948,37.5918],[126.98648,37.59251],[126.98387,37.59385],[126.98201,37.59584],[126.98157,37.59717],[126.98157,37.59914],[126.98491,37.59944],[126.98637,37.60008],[126.98947,37.60253],[126.99525,37.6027],[126.99956,37.60161]]]]}},{"type":"Feature","properties":{"code":"11290555","name":"성북구 삼선동","share":0.0049,"foreign":124},"geometry":{"type":"MultiPolygon","coordinates":[[[[127.01896,37.58883],[127.01652,37.58687],[127.01469,37.58454],[127.01469,37.58223],[127.0128,37.58132],[127.01216,37.58151],[127.01048,37.58034],[127.00997,37.58021],[127.00884,37.58045],[127.00733,37.5832],[127.00653,37.58613],[127.00593,37.58691],[127.00461,37.587],[127.00416,37.58729],[127.00419,37.58795],[127.00504,37.58793],[127.00621,37.58838],[127.0138,37.59209],[127.015,37.59238],[127.01651,37.59242],[127.01699,37.59035],[127.01896,37.58883]]]]}},{"type":"Feature","properties":{"code":"11290575","name":"성북구 동선동","share":0.0158,"foreign":383},"geometry":{"type":"MultiPolygon","coordinates":[[[[127.01972,37.59729],[127.02197,37.59698],[127.02257,37.59564],[127.02499,37.59413],[127.02388,37.59251],[127.02373,37.59096],[127.02211,37.58907],[127.01966,37.58941],[127.01896,37.58883],[127.01699,37.59035],[127.01651,37.59242],[127.01441,37.59231],[127.01326,37.59181],[127.01154,37.59397],[127.01342,37.59523],[127.01267,37.59668],[127.01289,37.59821],[127.01506,37.59841],[127.01615,37.59688],[127.01823,37.59691],[127.01972,37.59729]]]]}},{"type":"Feature","properties":{"code":"11290705","name":"성북구 종암동","share":0.005,"foreign":166},"geometry":{"type":"MultiPolygon","coordinates":[[[[127.03218,37.60346],[127.03852,37.60249],[127.04047,37.6005],[127.04079,37.59956],[127.04075,37.5958],[127.03906,37.59127],[127.03649,37.59125],[127.03554,37.59255],[127.03203,37.59115],[127.03026,37.59125],[127.02499,37.59413],[127.0257,37.5949],[127.0263,37.59896],[127.02712,37.60075],[127.03022,37.604],[127.03218,37.60346]]]]}},{"type":"Feature","properties":{"code":"11290810","name":"성북구 석관동","share":0.0025,"foreign":61},"geometry":{"type":"MultiPolygon","coordinates":[[[[127.0714,37.61563],[127.07172,37.60681],[127.06936,37.60933],[127.06859,37.60932],[127.06873,37.60687],[127.0681,37.60651],[127.06625,37.60582],[127.06497,37.60587],[127.06233,37.60528],[127.06077,37.60357],[127.06005,37.6021],[127.05203,37.59995],[127.05133,37.60163],[127.05224,37.60286],[127.05216,37.60473],[127.0506,37.60678],[127.05072,37.60755],[127.06067,37.6128],[127.06289,37.61434],[127.06605,37.6143],[127.06775,37.61522],[127.06801,37.61557],[127.07119,37.61637],[127.0714,37.61563]]]]}},{"type":"Feature","properties":{"code":"11305595","name":"강북구 번1동","share":null,"foreign":0},"geometry":{"type":"MultiPolygon","coordinates":[[[[127.03644,37.63689],[127.03848,37.63391],[127.03579,37.63452],[127.03405,37.6354],[127.02325,37.63465],[127.02358,37.63609],[127.0253,37.63745],[127.03083,37.64286],[127.03294,37.64129],[127.03469,37.6376],[127.03644,37.63689]]]]}},{"type":"Feature","properties":{"code":"11305603","name":"강북구 번2동","share":null,"foreign":0},"geometry":{"type":"MultiPolygon","coordinates":[[[[127.03848,37.63391],[127.04197,37.63099],[127.03674,37.62643],[127.03767,37.62332],[127.03758,37.6214],[127.03683,37.61996],[127.03447,37.62109],[127.03259,37.62551],[127.03279,37.62612],[127.03241,37.62763],[127.0313,37.62873],[127.02982,37.63085],[127.02901,37.63305],[127.02757,37.6335],[127.02749,37.63496],[127.03405,37.6354],[127.03579,37.63452],[127.03848,37.63391]]]]}},{"type":"Feature","properties":{"code":"11305608","name":"강북구 번3동","share":null,"foreign":0},"geometry":{"type":"MultiPolygon","coordinates":[[[[127.04999,37.62443],[127.04792,37.62322],[127.04396,37.61868],[127.04019,37.61595],[127.03865,37.61655],[127.03849,37.61761],[127.0389,37.61904],[127.03879,37.61947],[127.03683,37.61996],[127.03758,37.6214],[127.03767,37.62332],[127.03674,37.62643],[127.04197,37.63099],[127.04824,37.62647],[127.04999,37.62443]]]]}},{"type":"Feature","properties":{"code":"11305615","name":"강북구 수유1동","share":null,"foreign":0},"geometry":{"type":"MultiPolygon","coordinates":[[[[127.02259,37.63034],[127.01776,37.6293],[127.01588,37.62746],[127.01009,37.62524],[127.00822,37.62495],[127.00647,37.62513],[127.0045,37.62444],[127.0029,37.62537],[126.99894,37.62688],[126.99455,37.62983],[126.9941,37.62992],[126.99319,37.63203],[127.0026,37.63228],[127.01315,37.63375],[127.02325,37.63465],[127.02343,37.63324],[127.02259,37.63034]]]]}},{"type":"Feature","properties":{"code":"11305625","name":"강북구 수유2동","share":null,"foreign":0},"geometry":{"type":"MultiPolygon","coordinates":[[[[127.01562,37.6491],[127.01779,37.64862],[127.02023,37.64907],[127.02114,37.64902],[127.02462,37.6474],[127.02515,37.6466],[127.02412,37.64535],[127.02395,37.64368],[127.02054,37.64125],[127.01691,37.64081],[127.01592,37.64431],[127.0139,37.64905],[127.01562,37.6491]]]]}},{"type":"Feature","properties":{"code":"11305635","name":"강북구 수유3동","share":null,"foreign":0},"geometry":{"type":"MultiPolygon","coordinates":[[[[127.03083,37.64286],[127.0253,37.63745],[127.02358,37.63609],[127.02178,37.63626],[127.01952,37.63554],[127.01718,37.63726],[127.01691,37.64081],[127.01986,37.64108],[127.02082,37.64142],[127.02395,37.64368],[127.02412,37.64535],[127.02515,37.6466],[127.02566,37.64586],[127.02791,37.64475],[127.03083,37.64286]]]]}},{"type":"Feature","properties":{"code":"11305534","name":"강북구 삼양동","share":0.0023,"foreign":39},"geometry":{"type":"MultiPolygon","coordinates":[[[[127.02201,37.62518],[127.0184,37.62486],[127.01867,37.62375],[127.02059,37.62099],[127.02109,37.61947],[127.01921,37.61988],[127.01339,37.62023],[127.00856,37.61856],[127.00805,37.61937],[127.00751,37.62102],[127.00737,37.62244],[127.00788,37.62391],[127.00644,37.62434],[127.0045,37.62444],[127.00647,37.62513],[127.00822,37.62495],[127.01009,37.62524],[127.01588,37.62746],[127.01776,37.6293],[127.02259,37.63034],[127.02086,37.62913],[127.02201,37.62518]]]]}},{"type":"Feature","properties":{"code":"11305535","name":"강북구 미아동","share":0.0037,"foreign":78},"geometry":{"type":"MultiPolygon","coordinates":[[[[127.03259,37.62551],[127.03235,37.62569],[127.02689,37.62446],[127.02586,37.62367],[127.02287,37.62295],[127.02086,37.62913],[127.02259,37.63034],[127.02343,37.63324],[127.02325,37.63465],[127.02749,37.63496],[127.02757,37.6335],[127.02901,37.63305],[127.02982,37.63085],[127.0313,37.62873],[127.03241,37.62763],[127.03279,37.62612],[127.03259,37.62551]]]]}},{"type":"Feature","properties":{"code":"11305545","name":"강북구 송중동","share":0.0025,"foreign":73},"geometry":{"type":"MultiPolygon","coordinates":[[[[127.03259,37.62551],[127.03447,37.62109],[127.03683,37.61996],[127.03879,37.61947],[127.0389,37.61904],[127.03849,37.61741],[127.03865,37.61655],[127.03912,37.61631],[127.0371,37.61271],[127.03041,37.60914],[127.02998,37.61234],[127.02981,37.61712],[127.02689,37.62446],[127.03235,37.62569],[127.03259,37.62551]]]]}},{"type":"Feature","properties":{"code":"11305555","name":"강북구 송천동","share":0.002,"foreign":46},"geometry":{"type":"MultiPolygon","coordinates":[[[[127.02689,37.62446],[127.02981,37.61712],[127.02998,37.61234],[127.02722,37.61256],[127.02223,37.61127],[127.02203,37.61229],[127.02222,37.61532],[127.02188,37.61672],[127.02059,37.62099],[127.01867,37.62375],[127.0184,37.62486],[127.02201,37.62518],[127.02287,37.62295],[127.02586,37.62367],[127.02689,37.62446]]]]}},{"type":"Feature","properties":{"code":"11305575","name":"강북구 삼각산동","share":0.001,"foreign":16},"geometry":{"type":"MultiPolygon","coordinates":[[[[127.02109,37.61947],[127.0222,37.61553],[127.02203,37.61229],[127.02048,37.61255],[127.01926,37.61375],[127.01764,37.61457],[127.01631,37.61496],[127.01525,37.61481],[127.01475,37.61559],[127.01147,37.61642],[127.00944,37.61817],[127.00856,37.61856],[127.01339,37.62023],[127.01921,37.61988],[127.02109,37.61947]]]]}},{"type":"Feature","properties":{"code":"11305645","name":"강북구 우이동","share":0.0046,"foreign":74},"geometry":{"type":"MultiPolygon","coordinates":[[[[127.00829,37.68468],[127.00841,37.6813],[127.01036,37.67954],[127.01198,37.67929],[127.01322,37.67724],[127.01387,37.67537],[127.01458,37.6744],[127.01663,37.67267],[127.01852,37.66996],[127.01816,37.66878],[127.01583,37.66686],[127.01545,37.66616],[127.01545,37.66348],[127.01634,37.66158],[127.01516,37.66159],[127.01463,37.66089],[127.01379,37.65848],[127.01256,37.65275],[127.01269,37.65163],[127.01324,37.65044],[127.01562,37.6491],[127.0139,37.64905],[127.01592,37.64431],[127.01066,37.64503],[127.00734,37.64499],[127.00457,37.64436],[127.0032,37.64338],[127.00056,37.64071],[126.99651,37.63885],[126.99151,37.63872],[126.98637,37.64065],[126.98589,37.64057],[126.98398,37.64206],[126.98325,37.64365],[126.9842,37.64447],[126.98496,37.6459],[126.98462,37.64755],[126.9837,37.64978],[126.9821,37.65143],[126.9797,37.65479],[126.97955,37.65603],[126.97995,37.65658],[126.98129,37.65742],[126.98307,37.65811],[126.985,37.6593],[126.98802,37.66334],[126.99284,37.66502],[126.99416,37.66628],[126.99296,37.67761],[126.99257,37.67878],[126.99174,37.67947],[126.9938,37.68025],[126.99799,37.68382],[127.00419,37.68517],[127.00586,37.68522],[127.00829,37.68468]]]]}},{"type":"Feature","properties":{"code":"11305660","name":"강북구 인수동","share":0.0021,"foreign":48},"geometry":{"type":"MultiPolygon","coordinates":[[[[127.01592,37.64431],[127.01691,37.64081],[127.01718,37.63726],[127.01952,37.63554],[127.02178,37.63626],[127.02358,37.63609],[127.02325,37.63465],[127.01315,37.63375],[127.0026,37.63228],[126.99319,37.63203],[126.99182,37.63231],[126.98606,37.6352],[126.98463,37.63656],[126.98637,37.64065],[126.99151,37.63872],[126.99651,37.63885],[127.00056,37.64071],[127.0032,37.64338],[127.00457,37.64436],[127.00734,37.64499],[127.01066,37.64503],[127.01592,37.64431]]]]}},{"type":"Feature","properties":{"code":"11320660","name":"도봉구 쌍문1동","share":0.002,"foreign":26},"geometry":{"type":"MultiPolygon","coordinates":[[[[127.01634,37.66158],[127.01846,37.6575],[127.02092,37.65454],[127.02204,37.65421],[127.02248,37.65441],[127.02459,37.65425],[127.02762,37.65353],[127.02805,37.65314],[127.02867,37.65071],[127.02515,37.6466],[127.02462,37.6474],[127.02131,37.64896],[127.02023,37.64907],[127.0182,37.64861],[127.017,37.64873],[127.01562,37.6491],[127.01324,37.65044],[127.01269,37.65163],[127.01256,37.65275],[127.01379,37.65848],[127.01463,37.66089],[127.01516,37.66159],[127.01634,37.66158]]]]}},{"type":"Feature","properties":{"code":"11320670","name":"도봉구 쌍문2동","share":0.0018,"foreign":27},"geometry":{"type":"MultiPolygon","coordinates":[[[[127.04222,37.66171],[127.04173,37.66037],[127.03633,37.65137],[127.03329,37.65114],[127.03295,37.65261],[127.03305,37.6532],[127.03384,37.65402],[127.03438,37.6567],[127.03418,37.65953],[127.03379,37.66008],[127.03491,37.66032],[127.03775,37.66175],[127.04222,37.66171]]]]}},{"type":"Feature","properties":{"code":"11320680","name":"도봉구 쌍문3동","share":0.0017,"foreign":26},"geometry":{"type":"MultiPolygon","coordinates":[[[[127.03347,37.6465],[127.03083,37.64286],[127.02791,37.64475],[127.02566,37.64586],[127.02515,37.6466],[127.02867,37.65071],[127.03633,37.65137],[127.03347,37.6465]]]]}},{"type":"Feature","properties":{"code":"11320681","name":"도봉구 쌍문4동","share":0.0006,"foreign":7},"geometry":{"type":"MultiPolygon","coordinates":[[[[127.03329,37.65114],[127.02867,37.65071],[127.02805,37.65314],[127.02762,37.65353],[127.02547,37.65402],[127.02607,37.65671],[127.02777,37.65881],[127.02999,37.65962],[127.03278,37.65978],[127.03379,37.66008],[127.03418,37.65953],[127.03438,37.6567],[127.03384,37.65402],[127.03305,37.6532],[127.03295,37.65261],[127.03329,37.65114]]]]}},{"type":"Feature","properties":{"code":"11320690","name":"도봉구 방학1동","share":0.0014,"foreign":35},"geometry":{"type":"MultiPolygon","coordinates":[[[[127.04365,37.66982],[127.04882,37.66909],[127.04929,37.66737],[127.05127,37.66398],[127.05155,37.66066],[127.04458,37.66203],[127.04222,37.66171],[127.03775,37.66175],[127.03491,37.66032],[127.03481,37.66377],[127.03539,37.66444],[127.03904,37.66695],[127.0396,37.66996],[127.04365,37.66982]]]]}},{"type":"Feature","properties":{"code":"11320700","name":"도봉구 방학2동","share":0.0011,"foreign":10},"geometry":{"type":"MultiPolygon","coordinates":[[[[127.0396,37.66996],[127.03904,37.66695],[127.03515,37.66425],[127.03472,37.66352],[127.03473,37.66254],[127.03147,37.66217],[127.03081,37.66267],[127.03048,37.66342],[127.03093,37.66398],[127.03052,37.66552],[127.02789,37.66812],[127.02544,37.66943],[127.0228,37.67162],[127.02289,37.67196],[127.03122,37.67493],[127.03151,37.67444],[127.0372,37.67145],[127.03758,37.67136],[127.0381,37.67192],[127.03881,37.67211],[127.03976,37.67184],[127.0396,37.66996]]]]}},{"type":"Feature","properties":{"code":"11320710","name":"도봉구 방학3동","share":0.001,"foreign":15},"geometry":{"type":"MultiPolygon","coordinates":[[[[127.02544,37.66943],[127.02789,37.66812],[127.03052,37.66552],[127.03093,37.66398],[127.03048,37.66342],[127.03081,37.66267],[127.03147,37.66217],[127.03473,37.66254],[127.03491,37.66032],[127.03278,37.65978],[127.02999,37.65962],[127.02777,37.65881],[127.02607,37.65671],[127.02547,37.65402],[127.02248,37.65441],[127.02187,37.65424],[127.02056,37.65485],[127.01846,37.6575],[127.01545,37.66348],[127.01545,37.66616],[127.01583,37.66686],[127.01816,37.66878],[127.01862,37.6708],[127.01922,37.6712],[127.02156,37.6712],[127.0228,37.66955],[127.02544,37.66943]]]]}},{"type":"Feature","properties":{"code":"11320511","name":"도봉구 창1동","share":0.0015,"foreign":25},"geometry":{"type":"MultiPolygon","coordinates":[[[[127.0483,37.65166],[127.05125,37.6452],[127.0506,37.64515],[127.04635,37.63916],[127.04502,37.63967],[127.04427,37.64262],[127.04365,37.64392],[127.03998,37.64637],[127.03347,37.6465],[127.03633,37.65137],[127.0416,37.65169],[127.04575,37.65112],[127.0483,37.65166]]]]}},{"type":"Feature","properties":{"code":"11320512","name":"도봉구 창2동","share":0.0024,"foreign":58},"geometry":{"type":"MultiPolygon","coordinates":[[[[127.04365,37.64392],[127.04226,37.64304],[127.03644,37.63689],[127.03469,37.6376],[127.03294,37.64129],[127.03083,37.64286],[127.03347,37.6465],[127.03998,37.64637],[127.04365,37.64392]]]]}},{"type":"Feature","properties":{"code":"11320513","name":"도봉구 창3동","share":0.0004,"foreign":4},"geometry":{"type":"MultiPolygon","coordinates":[[[[127.04635,37.63916],[127.04501,37.63687],[127.04492,37.63592],[127.04394,37.63344],[127.04148,37.63128],[127.03848,37.63391],[127.03644,37.63689],[127.04226,37.64304],[127.04365,37.64392],[127.04427,37.64262],[127.04502,37.63967],[127.04635,37.63916]]]]}},{"type":"Feature","properties":{"code":"11320514","name":"도봉구 창4동","share":0.0011,"foreign":29},"geometry":{"type":"MultiPolygon","coordinates":[[[[127.05155,37.66066],[127.05244,37.65816],[127.05418,37.65448],[127.05436,37.65041],[127.05589,37.64597],[127.05494,37.64076],[127.05437,37.64064],[127.05338,37.64123],[127.05233,37.6426],[127.04529,37.65843],[127.04458,37.66203],[127.05155,37.66066]]]]}},{"type":"Feature","properties":{"code":"11320515","name":"도봉구 창5동","share":0.0016,"foreign":28},"geometry":{"type":"MultiPolygon","coordinates":[[[[127.0483,37.65166],[127.04575,37.65112],[127.0416,37.65169],[127.03633,37.65137],[127.04173,37.66037],[127.04222,37.66171],[127.04458,37.66203],[127.04529,37.65843],[127.0483,37.65166]]]]}},{"type":"Feature","properties":{"code":"11320521","name":"도봉구 도봉1동","share":0.0022,"foreign":35},"geometry":{"type":"MultiPolygon","coordinates":[[[[127.04509,37.69244],[127.04605,37.68498],[127.04558,37.68079],[127.04365,37.66982],[127.0396,37.66996],[127.03976,37.67184],[127.03881,37.67211],[127.0381,37.67192],[127.03758,37.67136],[127.0372,37.67145],[127.03151,37.67444],[127.03122,37.67493],[127.02289,37.67196],[127.0228,37.67162],[127.02544,37.66943],[127.0228,37.66955],[127.02156,37.6712],[127.01922,37.6712],[127.01862,37.6708],[127.01844,37.67008],[127.01663,37.67267],[127.01458,37.6744],[127.01387,37.67537],[127.01322,37.67724],[127.01198,37.67929],[127.01036,37.67954],[127.00841,37.6813],[127.00829,37.68468],[127.00872,37.68501],[127.00897,37.68697],[127.00869,37.6883],[127.00809,37.68903],[127.00806,37.69055],[127.00884,37.69461],[127.01195,37.69824],[127.01449,37.69827],[127.01494,37.69855],[127.01585,37.70103],[127.01957,37.70108],[127.02209,37.6996],[127.0249,37.69944],[127.02678,37.70022],[127.02715,37.70072],[127.02803,37.70059],[127.0293,37.69882],[127.0297,37.69757],[127.02973,37.69619],[127.03114,37.69294],[127.03247,37.69171],[127.03589,37.69224],[127.03843,37.69327],[127.04043,37.69482],[127.04158,37.69536],[127.04312,37.69515],[127.04321,37.69467],[127.04509,37.69244]]]]}},{"type":"Feature","properties":{"code":"11320522","name":"도봉구 도봉2동","share":0.0011,"foreign":19},"geometry":{"type":"MultiPolygon","coordinates":[[[[127.05078,37.68702],[127.05192,37.68481],[127.05201,37.68366],[127.05186,37.68247],[127.05149,37.682],[127.05094,37.68015],[127.04914,37.67312],[127.04882,37.66909],[127.04365,37.66982],[127.04558,37.68079],[127.04605,37.68498],[127.04509,37.69244],[127.0482,37.69391],[127.04912,37.69352],[127.0501,37.69035],[127.05005,37.68822],[127.05078,37.68702]]]]}},{"type":"Feature","properties":{"code":"11350560","name":"노원구 월계1동","share":0.002,"foreign":35},"geometry":{"type":"MultiPolygon","coordinates":[[[[127.06801,37.61557],[127.06775,37.61522],[127.06594,37.61428],[127.06242,37.61429],[127.06152,37.61462],[127.06091,37.61495],[127.06061,37.61565],[127.05384,37.62048],[127.04999,37.62443],[127.05904,37.6302],[127.06206,37.6234],[127.06241,37.62336],[127.06596,37.61509],[127.06801,37.61557]]]]}},{"type":"Feature","properties":{"code":"11350570","name":"노원구 월계2동","share":0.0007,"foreign":11},"geometry":{"type":"MultiPolygon","coordinates":[[[[127.05494,37.64076],[127.05888,37.63763],[127.05959,37.63655],[127.05862,37.63627],[127.05904,37.6302],[127.04999,37.62443],[127.04824,37.62647],[127.04148,37.63128],[127.04394,37.63344],[127.0453,37.63749],[127.048,37.6417],[127.0506,37.64515],[127.05125,37.6452],[127.05233,37.6426],[127.05321,37.6414],[127.05413,37.64067],[127.05494,37.64076]]]]}},{"type":"Feature","properties":{"code":"11350580","name":"노원구 월계3동","share":0.0008,"foreign":15},"geometry":{"type":"MultiPolygon","coordinates":[[[[127.06439,37.63078],[127.06494,37.62861],[127.06826,37.62555],[127.07005,37.62355],[127.07083,37.62157],[127.07119,37.61637],[127.06596,37.61509],[127.06241,37.62336],[127.06206,37.6234],[127.06017,37.62737],[127.05893,37.63072],[127.05862,37.63627],[127.05959,37.63655],[127.06088,37.63471],[127.06386,37.63205],[127.06439,37.63078]]]]}},{"type":"Feature","properties":{"code":"11350600","name":"노원구 공릉2동","share":0.0027,"foreign":115},"geometry":{"type":"MultiPolygon","coordinates":[[[[127.11115,37.64241],[127.11195,37.64027],[127.11238,37.63523],[127.11204,37.63262],[127.11084,37.63047],[127.10537,37.62714],[127.10351,37.6229],[127.10407,37.62166],[127.10571,37.62083],[127.10151,37.6198],[127.1005,37.61888],[127.09704,37.61705],[127.09615,37.6171],[127.09305,37.61804],[127.08954,37.61964],[127.08573,37.62017],[127.08415,37.61963],[127.08164,37.61925],[127.08103,37.61977],[127.07954,37.62023],[127.07851,37.62102],[127.07815,37.62162],[127.07735,37.62543],[127.07615,37.62753],[127.07401,37.62937],[127.0713,37.63108],[127.07531,37.63076],[127.07665,37.63469],[127.08075,37.63663],[127.08158,37.63754],[127.08306,37.64007],[127.08597,37.64094],[127.08926,37.64082],[127.09056,37.6411],[127.09413,37.64259],[127.09462,37.64383],[127.09445,37.64576],[127.09493,37.64551],[127.09781,37.64528],[127.10396,37.64563],[127.10657,37.64549],[127.10803,37.64464],[127.10959,37.64258],[127.11115,37.64241]]]]}},{"type":"Feature","properties":{"code":"11350611","name":"노원구 하계1동","share":0.0014,"foreign":30},"geometry":{"type":"MultiPolygon","coordinates":[[[[127.0765,37.646],[127.07821,37.64435],[127.07912,37.64389],[127.07994,37.64418],[127.08091,37.64368],[127.08309,37.64051],[127.08306,37.64007],[127.08158,37.63754],[127.08075,37.63663],[127.07665,37.63469],[127.07531,37.63076],[127.0713,37.63108],[127.0703,37.6314],[127.06875,37.63421],[127.0668,37.63868],[127.06936,37.63939],[127.07185,37.6431],[127.07077,37.64531],[127.07421,37.64629],[127.07465,37.6454],[127.07604,37.64446],[127.0765,37.646]]]]}},{"type":"Feature","properties":{"code":"11350612","name":"노원구 하계2동","share":0.001,"foreign":16},"geometry":{"type":"MultiPolygon","coordinates":[[[[127.0668,37.63868],[127.06875,37.63421],[127.0703,37.6314],[127.06439,37.63078],[127.06386,37.63205],[127.06088,37.63471],[127.05888,37.63763],[127.06013,37.63953],[127.06136,37.63718],[127.0668,37.63868]]]]}},{"type":"Feature","properties":{"code":"11350619","name":"노원구 중계본동","share":0.0011,"foreign":20},"geometry":{"type":"MultiPolygon","coordinates":[[[[127.09445,37.64576],[127.09462,37.64383],[127.09413,37.64259],[127.09056,37.6411],[127.08926,37.64082],[127.08597,37.64094],[127.08306,37.64007],[127.08309,37.64051],[127.08091,37.64368],[127.07994,37.64418],[127.07912,37.64389],[127.07821,37.64435],[127.0765,37.646],[127.07671,37.65017],[127.07811,37.65284],[127.07817,37.65343],[127.08603,37.65591],[127.08658,37.65541],[127.08921,37.65495],[127.09282,37.6549],[127.0936,37.65332],[127.0923,37.64992],[127.09258,37.64881],[127.09348,37.64699],[127.09445,37.64576]]]]}},{"type":"Feature","properties":{"code":"11350621","name":"노원구 중계1동","share":0.0012,"foreign":26},"geometry":{"type":"MultiPolygon","coordinates":[[[[127.07817,37.65343],[127.07811,37.65284],[127.07671,37.65017],[127.0765,37.646],[127.07604,37.64446],[127.07465,37.6454],[127.07421,37.64629],[127.07077,37.64531],[127.0686,37.65048],[127.0714,37.65306],[127.07191,37.65407],[127.07213,37.65516],[127.07817,37.65343]]]]}},{"type":"Feature","properties":{"code":"11350624","name":"노원구 중계4동","share":0.0011,"foreign":15},"geometry":{"type":"MultiPolygon","coordinates":[[[[127.09396,37.66257],[127.09244,37.65809],[127.08845,37.65662],[127.07817,37.65343],[127.07213,37.65516],[127.07161,37.65836],[127.07441,37.66149],[127.07586,37.66259],[127.07753,37.66241],[127.07879,37.6618],[127.08321,37.66244],[127.0888,37.66372],[127.09062,37.66334],[127.09075,37.66313],[127.09396,37.66257]]]]}},{"type":"Feature","properties":{"code":"11350630","name":"노원구 상계1동","share":0.0018,"foreign":51},"geometry":{"type":"MultiPolygon","coordinates":[[[[127.08111,37.69609],[127.08349,37.69461],[127.08377,37.69466],[127.08429,37.69401],[127.08514,37.691],[127.08011,37.68855],[127.07918,37.68848],[127.07695,37.68616],[127.07597,37.68434],[127.0752,37.68224],[127.07362,37.67679],[127.07132,37.67477],[127.06905,37.67388],[127.06771,37.67424],[127.06271,37.67241],[127.05981,37.67227],[127.05826,37.6713],[127.05624,37.67052],[127.04893,37.6712],[127.04914,37.67312],[127.05094,37.68015],[127.05149,37.682],[127.05186,37.68247],[127.05201,37.68366],[127.05192,37.68481],[127.05078,37.68702],[127.05482,37.68935],[127.05683,37.68957],[127.06038,37.68869],[127.06511,37.68985],[127.06881,37.69406],[127.06939,37.69437],[127.07043,37.69408],[127.07263,37.69435],[127.07446,37.69548],[127.07734,37.69638],[127.08111,37.69609]]]]}},{"type":"Feature","properties":{"code":"11350640","name":"노원구 상계2동","share":0.0017,"foreign":47},"geometry":{"type":"MultiPolygon","coordinates":[[[[127.07161,37.65836],[127.07213,37.65516],[127.07191,37.65407],[127.0714,37.65306],[127.0706,37.65219],[127.0686,37.65048],[127.06701,37.65575],[127.06078,37.65436],[127.06043,37.65571],[127.06172,37.65597],[127.06158,37.6574],[127.0626,37.65893],[127.06521,37.6594],[127.06572,37.66155],[127.07161,37.65836]]]]}},{"type":"Feature","properties":{"code":"11350670","name":"노원구 상계5동","share":0.0012,"foreign":18},"geometry":{"type":"MultiPolygon","coordinates":[[[[127.07012,37.66795],[127.07094,37.66735],[127.07081,37.66524],[127.07133,37.6645],[127.07363,37.66277],[127.07441,37.66149],[127.07161,37.65836],[127.06572,37.66155],[127.06672,37.66784],[127.06857,37.66806],[127.06936,37.66784],[127.07012,37.66795]]]]}},{"type":"Feature","properties":{"code":"11350700","name":"노원구 상계8동","share":0.0009,"foreign":13},"geometry":{"type":"MultiPolygon","coordinates":[[[[127.05624,37.67052],[127.05768,37.66419],[127.05803,37.66374],[127.0587,37.66118],[127.05147,37.6618],[127.05105,37.66457],[127.04967,37.66662],[127.04901,37.66807],[127.04882,37.66909],[127.04893,37.6712],[127.05624,37.67052]]]]}},{"type":"Feature","properties":{"code":"11350710","name":"노원구 상계9동","share":0.0012,"foreign":14},"geometry":{"type":"MultiPolygon","coordinates":[[[[127.07012,37.66795],[127.06936,37.66784],[127.06857,37.66806],[127.06672,37.66784],[127.06569,37.6614],[127.06293,37.66139],[127.06343,37.6648],[127.06162,37.66517],[127.05804,37.66458],[127.05803,37.66374],[127.05768,37.66419],[127.05624,37.67052],[127.05826,37.6713],[127.05981,37.67227],[127.06271,37.67241],[127.06656,37.6738],[127.06628,37.67048],[127.07012,37.66795]]]]}},{"type":"Feature","properties":{"code":"11350720","name":"노원구 상계10동","share":0.002,"foreign":27},"geometry":{"type":"MultiPolygon","coordinates":[[[[127.06569,37.6614],[127.06521,37.6594],[127.0626,37.65893],[127.06158,37.6574],[127.06172,37.65597],[127.05418,37.65448],[127.05244,37.65816],[127.05155,37.66066],[127.05147,37.6618],[127.0587,37.66118],[127.05803,37.66374],[127.05804,37.66458],[127.06187,37.66519],[127.06343,37.6648],[127.06293,37.66139],[127.06569,37.6614]]]]}},{"type":"Feature","properties":{"code":"11350665","name":"노원구 상계3·4동","share":0.0012,"foreign":19},"geometry":{"type":"MultiPolygon","coordinates":[[[[127.09592,37.68772],[127.09632,37.68595],[127.09586,37.68475],[127.09563,37.68432],[127.09467,37.684],[127.09281,37.6818],[127.09183,37.67919],[127.09227,37.67748],[127.09298,37.67728],[127.09361,37.67662],[127.09574,37.67227],[127.09573,37.67042],[127.09396,37.66257],[127.09075,37.66313],[127.09062,37.66334],[127.0888,37.66372],[127.08321,37.66244],[127.07879,37.6618],[127.07753,37.66241],[127.07586,37.66259],[127.07441,37.66149],[127.07363,37.66277],[127.07133,37.6645],[127.07081,37.66524],[127.07094,37.66735],[127.06628,37.67048],[127.06656,37.6738],[127.06771,37.67424],[127.06905,37.67388],[127.07053,37.67435],[127.07132,37.67477],[127.07362,37.67679],[127.07597,37.68434],[127.07695,37.68616],[127.07918,37.68848],[127.08011,37.68855],[127.08493,37.69084],[127.08624,37.69031],[127.08899,37.68976],[127.08993,37.68989],[127.09284,37.68968],[127.09495,37.68917],[127.09579,37.68886],[127.09592,37.68772]]]]}},{"type":"Feature","properties":{"code":"11350695","name":"노원구 상계6·7동","share":0.0017,"foreign":76},"geometry":{"type":"MultiPolygon","coordinates":[[[[127.0686,37.65048],[127.06577,37.64928],[127.06133,37.64511],[127.0611,37.64465],[127.06084,37.64147],[127.06013,37.63953],[127.05888,37.63763],[127.05494,37.64076],[127.05589,37.64597],[127.05436,37.65041],[127.05418,37.65448],[127.06043,37.65571],[127.06078,37.65436],[127.06701,37.65575],[127.0686,37.65048]]]]}},{"type":"Feature","properties":{"code":"11350625","name":"노원구 중계2·3동","share":0.0009,"foreign":23},"geometry":{"type":"MultiPolygon","coordinates":[[[[127.07077,37.64531],[127.07185,37.6431],[127.06936,37.63939],[127.06136,37.63718],[127.06013,37.63953],[127.06084,37.64147],[127.06119,37.6449],[127.06577,37.64928],[127.0686,37.65048],[127.07077,37.64531]]]]}},{"type":"Feature","properties":{"code":"11350595","name":"노원구 공릉1동","share":0.0014,"foreign":46},"geometry":{"type":"MultiPolygon","coordinates":[[[[127.0713,37.63108],[127.07401,37.62937],[127.0761,37.62758],[127.07735,37.62543],[127.07831,37.62126],[127.07931,37.62036],[127.08103,37.61977],[127.08164,37.61925],[127.0714,37.61563],[127.07083,37.62157],[127.07005,37.62355],[127.06826,37.62555],[127.06494,37.62861],[127.06439,37.63078],[127.0703,37.6314],[127.0713,37.63108]]]]}},{"type":"Feature","properties":{"code":"11380510","name":"은평구 녹번동","share":0.0044,"foreign":123},"geometry":{"type":"MultiPolygon","coordinates":[[[[126.94998,37.60971],[126.95034,37.60785],[126.94942,37.60769],[126.94881,37.60807],[126.9478,37.60768],[126.94722,37.6078],[126.94634,37.6071],[126.94492,37.60482],[126.94242,37.60482],[126.94044,37.60286],[126.94017,37.60183],[126.94121,37.60091],[126.94092,37.59908],[126.94058,37.5986],[126.9386,37.59759],[126.93555,37.60084],[126.92746,37.60162],[126.92644,37.60242],[126.92244,37.60158],[126.92063,37.60173],[126.92335,37.60707],[126.92707,37.60914],[126.92883,37.60841],[126.93074,37.6085],[126.93284,37.60948],[126.94144,37.61085],[126.94295,37.61016],[126.94998,37.60971]]]]}},{"type":"Feature","properties":{"code":"11380520","name":"은평구 불광1동","share":0.003,"foreign":65},"geometry":{"type":"MultiPolygon","coordinates":[[[[126.95318,37.62517],[126.95217,37.62482],[126.95172,37.62433],[126.95124,37.62279],[126.95033,37.61836],[126.9504,37.61613],[126.95094,37.61236],[126.95063,37.61096],[126.94998,37.60971],[126.94295,37.61016],[126.94144,37.61085],[126.94063,37.61082],[126.93284,37.60948],[126.93136,37.6088],[126.92989,37.61025],[126.92658,37.61438],[126.92394,37.61628],[126.92133,37.61887],[126.92642,37.62133],[126.93355,37.62173],[126.93485,37.62135],[126.93478,37.62099],[126.93689,37.62002],[126.93754,37.62016],[126.93881,37.62099],[126.9389,37.62201],[126.93966,37.62395],[126.94091,37.6257],[126.94289,37.62523],[126.94813,37.62744],[126.94933,37.6271],[126.95318,37.62517]]]]}},{"type":"Feature","properties":{"code":"11380551","name":"은평구 갈현1동","share":0.0026,"foreign":44},"geometry":{"type":"MultiPolygon","coordinates":[[[[126.91958,37.62796],[126.92011,37.626],[126.91975,37.62239],[126.91986,37.62158],[126.92051,37.61987],[126.92133,37.61887],[126.92012,37.61846],[126.91711,37.61977],[126.91227,37.62255],[126.91139,37.62257],[126.90794,37.62539],[126.90881,37.62905],[126.91122,37.62962],[126.91208,37.63041],[126.91547,37.63112],[126.91565,37.6307],[126.91958,37.62796]]]]}},{"type":"Feature","properties":{"code":"11380552","name":"은평구 갈현2동","share":0.0019,"foreign":36},"geometry":{"type":"MultiPolygon","coordinates":[[[[126.92012,37.61846],[126.91807,37.61532],[126.91729,37.6113],[126.91535,37.61241],[126.91015,37.61431],[126.90685,37.61694],[126.90524,37.6195],[126.9052,37.62002],[126.90644,37.62403],[126.90794,37.62539],[126.91139,37.62257],[126.91227,37.62255],[126.91711,37.61977],[126.92012,37.61846]]]]}},{"type":"Feature","properties":{"code":"11380560","name":"은평구 구산동","share":0.0014,"foreign":30},"geometry":{"type":"MultiPolygon","coordinates":[[[[126.91729,37.6113],[126.91525,37.60743],[126.91153,37.60753],[126.90947,37.6054],[126.90738,37.60495],[126.90502,37.60469],[126.90171,37.60573],[126.90221,37.60709],[126.90198,37.60939],[126.90103,37.61246],[126.90189,37.61559],[126.90339,37.6188],[126.90524,37.6195],[126.90685,37.61694],[126.91015,37.61431],[126.91535,37.61241],[126.91729,37.6113]]]]}},{"type":"Feature","properties":{"code":"11380570","name":"은평구 대조동","share":0.0041,"foreign":203},"geometry":{"type":"MultiPolygon","coordinates":[[[[126.93136,37.6088],[126.93074,37.6085],[126.92883,37.60841],[126.92707,37.60914],[126.92389,37.60747],[126.92289,37.60632],[126.92185,37.60748],[126.91729,37.6113],[126.91807,37.61532],[126.92012,37.61846],[126.92133,37.61887],[126.92394,37.61628],[126.92632,37.61463],[126.92989,37.61025],[126.93136,37.6088]]]]}},{"type":"Feature","properties":{"code":"11380580","name":"은평구 응암1동","share":0.0045,"foreign":89},"geometry":{"type":"MultiPolygon","coordinates":[[[[126.9386,37.59759],[126.93777,37.59775],[126.93295,37.59603],[126.93038,37.59424],[126.92842,37.59189],[126.92668,37.59288],[126.92605,37.59447],[126.92633,37.59562],[126.92385,37.59665],[126.92223,37.5969],[126.9191,37.596],[126.91569,37.59708],[126.91606,37.59921],[126.92063,37.60173],[126.92244,37.60158],[126.92644,37.60242],[126.92746,37.60162],[126.93555,37.60084],[126.9386,37.59759]]]]}},{"type":"Feature","properties":{"code":"11380590","name":"은평구 응암2동","share":0.0016,"foreign":24},"geometry":{"type":"MultiPolygon","coordinates":[[[[126.92842,37.59189],[126.92787,37.59045],[126.92812,37.58838],[126.92282,37.58562],[126.92265,37.58877],[126.91876,37.59013],[126.91725,37.59024],[126.91821,37.59477],[126.9191,37.596],[126.92223,37.5969],[126.92385,37.59665],[126.92633,37.59562],[126.92605,37.59447],[126.92668,37.59288],[126.92842,37.59189]]]]}},{"type":"Feature","properties":{"code":"11380631","name":"은평구 신사1동","share":0.002,"foreign":33},"geometry":{"type":"MultiPolygon","coordinates":[[[[126.91606,37.59921],[126.91448,37.5923],[126.90846,37.59684],[126.90603,37.59817],[126.90142,37.59827],[126.90149,37.59937],[126.90023,37.60203],[126.90026,37.60315],[126.90208,37.60382],[126.9077,37.60157],[126.90856,37.60205],[126.91032,37.60199],[126.91363,37.60101],[126.91441,37.60013],[126.91606,37.59921]]]]}},{"type":"Feature","properties":{"code":"11380632","name":"은평구 신사2동","share":0.0085,"foreign":100},"geometry":{"type":"MultiPolygon","coordinates":[[[[126.91448,37.5923],[126.91358,37.58873],[126.91021,37.58941],[126.90547,37.58874],[126.90428,37.58832],[126.89984,37.58987],[126.89899,37.59266],[126.89933,37.59324],[126.90056,37.5943],[126.90136,37.59618],[126.90142,37.59827],[126.90603,37.59817],[126.90846,37.59684],[126.91448,37.5923]]]]}},{"type":"Feature","properties":{"code":"11380640","name":"은평구 증산동","share":0.0024,"foreign":26},"geometry":{"type":"MultiPolygon","coordinates":[[[[126.91358,37.58873],[126.91315,37.58703],[126.91255,37.58602],[126.90313,37.57689],[126.90282,37.57715],[126.90164,37.57592],[126.8982,37.57826],[126.90011,37.57981],[126.90207,37.58067],[126.90215,37.58309],[126.90135,37.58454],[126.90142,37.58507],[126.90256,37.58733],[126.90326,37.58786],[126.90547,37.58874],[126.91021,37.58941],[126.91358,37.58873]]]]}},{"type":"Feature","properties":{"code":"11380650","name":"은평구 수색동","share":0.0031,"foreign":42},"geometry":{"type":"MultiPolygon","coordinates":[[[[126.89984,37.58987],[126.90428,37.58832],[126.90256,37.58733],[126.90155,37.58556],[126.90135,37.58454],[126.90215,37.58309],[126.90207,37.58067],[126.90011,37.57981],[126.8982,37.57826],[126.89791,37.57917],[126.89623,37.58085],[126.89218,37.58294],[126.88992,37.58444],[126.88224,37.59094],[126.88393,37.59218],[126.88482,37.59339],[126.88658,37.59384],[126.88622,37.59233],[126.88544,37.59109],[126.88581,37.59008],[126.88726,37.58859],[126.89696,37.58862],[126.89984,37.58987]]]]}},{"type":"Feature","properties":{"code":"11380690","name":"은평구 진관동","share":0.0044,"foreign":234},"geometry":{"type":"MultiPolygon","coordinates":[[[[126.97179,37.63229],[126.96925,37.63022],[126.95954,37.62848],[126.95675,37.62537],[126.95318,37.62517],[126.94933,37.6271],[126.94813,37.62744],[126.94289,37.62523],[126.94091,37.6257],[126.94039,37.62603],[126.93333,37.62657],[126.93212,37.62644],[126.92922,37.62838],[126.92685,37.62948],[126.92615,37.62955],[126.91958,37.62796],[126.91565,37.6307],[126.91547,37.63112],[126.91208,37.63041],[126.91122,37.62962],[126.90881,37.62905],[126.90717,37.63058],[126.90653,37.63252],[126.90982,37.63511],[126.91023,37.63867],[126.91082,37.64016],[126.91247,37.64169],[126.91223,37.64438],[126.90758,37.64649],[126.90527,37.64891],[126.91118,37.6458],[126.91389,37.64471],[126.92127,37.64556],[126.92336,37.64634],[126.92542,37.64744],[126.92974,37.6504],[126.9312,37.65063],[126.93473,37.65064],[126.93704,37.65193],[126.93938,37.6555],[126.94103,37.65706],[126.94362,37.65815],[126.94731,37.65893],[126.94879,37.65696],[126.95125,37.65495],[126.95258,37.65472],[126.95355,37.65502],[126.95462,37.65475],[126.95677,37.65265],[126.95975,37.64846],[126.96173,37.64516],[126.96501,37.64276],[126.96882,37.63868],[126.96876,37.63698],[126.97087,37.63299],[126.97179,37.63229]]]]}},{"type":"Feature","properties":{"code":"11380530","name":"은평구 불광2동","share":0.0022,"foreign":33},"geometry":{"type":"MultiPolygon","coordinates":[[[[126.94091,37.6257],[126.93966,37.62395],[126.9389,37.62201],[126.93881,37.62099],[126.93754,37.62016],[126.93689,37.62002],[126.93478,37.62099],[126.93485,37.62135],[126.93355,37.62173],[126.92642,37.62133],[126.92133,37.61887],[126.92051,37.61987],[126.91986,37.62158],[126.91975,37.62239],[126.92011,37.626],[126.91958,37.62796],[126.92558,37.62954],[126.92685,37.62948],[126.92922,37.62838],[126.93212,37.62644],[126.93333,37.62657],[126.94039,37.62603],[126.94091,37.6257]]]]}},{"type":"Feature","properties":{"code":"11380600","name":"은평구 응암3동","share":0.0045,"foreign":83},"geometry":{"type":"MultiPolygon","coordinates":[[[[126.9191,37.596],[126.91821,37.59477],[126.91725,37.59024],[126.91876,37.59013],[126.92265,37.58877],[126.92302,37.585],[126.92081,37.58291],[126.91891,37.58341],[126.91583,37.58314],[126.91544,37.58549],[126.91315,37.58703],[126.91569,37.59708],[126.9191,37.596]]]]}},{"type":"Feature","properties":{"code":"11380625","name":"은평구 역촌동","share":0.0026,"foreign":92},"geometry":{"type":"MultiPolygon","coordinates":[[[[126.92289,37.60632],[126.92063,37.60173],[126.91606,37.59921],[126.91441,37.60013],[126.91329,37.60115],[126.91032,37.60199],[126.90856,37.60205],[126.9077,37.60157],[126.90208,37.60382],[126.90171,37.60573],[126.90502,37.60469],[126.90738,37.60495],[126.90947,37.6054],[126.91153,37.60753],[126.91525,37.60743],[126.91729,37.6113],[126.92185,37.60748],[126.92289,37.60632]]]]}},{"type":"Feature","properties":{"code":"11410520","name":"서대문구 천연동","share":0.0041,"foreign":51},"geometry":{"type":"MultiPolygon","coordinates":[[[[126.95957,37.57296],[126.96581,37.56667],[126.96295,37.56625],[126.96254,37.5659],[126.95894,37.56554],[126.95641,37.56678],[126.95367,37.56934],[126.95369,37.57053],[126.95178,37.57173],[126.95082,37.57388],[126.95078,37.57489],[126.95281,37.57815],[126.95392,37.57849],[126.95957,37.57296]]]]}},{"type":"Feature","properties":{"code":"11410620","name":"서대문구 홍제1동","share":0.0043,"foreign":85},"geometry":{"type":"MultiPolygon","coordinates":[[[[126.94184,37.59093],[126.94925,37.584],[126.9521,37.5803],[126.95392,37.57849],[126.95281,37.57815],[126.95078,37.57489],[126.95082,37.57388],[126.95178,37.57173],[126.95369,37.57053],[126.95367,37.56934],[126.94969,37.56846],[126.94894,37.56944],[126.94767,37.57279],[126.94786,37.57325],[126.94879,37.574],[126.94905,37.57465],[126.94904,37.57565],[126.94752,37.57612],[126.94675,37.57681],[126.94471,37.57746],[126.94187,37.58083],[126.94084,37.58391],[126.93719,37.58254],[126.93587,37.58454],[126.93536,37.58635],[126.93556,37.5872],[126.93612,37.58806],[126.93723,37.58896],[126.94099,37.59119],[126.94145,37.5914],[126.94184,37.59093]]]]}},{"type":"Feature","properties":{"code":"11410640","name":"서대문구 홍제3동","share":0.0028,"foreign":38},"geometry":{"type":"MultiPolygon","coordinates":[[[[126.9563,37.59566],[126.95677,37.59401],[126.95751,37.59267],[126.95793,37.58879],[126.95689,37.58542],[126.95143,37.58915],[126.95099,37.5893],[126.94657,37.58894],[126.94564,37.58864],[126.94498,37.58808],[126.94184,37.59093],[126.94467,37.59181],[126.9472,37.59468],[126.94711,37.59552],[126.94649,37.59668],[126.94691,37.59811],[126.94737,37.59847],[126.94836,37.59851],[126.94984,37.59805],[126.95139,37.5957],[126.9563,37.59566]]]]}},{"type":"Feature","properties":{"code":"11410655","name":"서대문구 홍제2동","share":0.0018,"foreign":15},"geometry":{"type":"MultiPolygon","coordinates":[[[[126.95689,37.58542],[126.9579,37.58381],[126.96067,37.5808],[126.95878,37.58162],[126.957,37.58158],[126.95579,37.58073],[126.95575,37.5793],[126.95546,37.57897],[126.95356,37.57888],[126.9521,37.5803],[126.94966,37.58356],[126.94498,37.58808],[126.94564,37.58864],[126.94657,37.58894],[126.95099,37.5893],[126.95689,37.58542]]]]}},{"type":"Feature","properties":{"code":"11410660","name":"서대문구 홍은1동","share":0.0016,"foreign":19},"geometry":{"type":"MultiPolygon","coordinates":[[[[126.95338,37.60537],[126.95351,37.60427],[126.9532,37.60301],[126.9528,37.60269],[126.95275,37.60041],[126.95409,37.59855],[126.95705,37.59855],[126.95715,37.59824],[126.9563,37.59566],[126.95139,37.5957],[126.94984,37.59805],[126.94836,37.59851],[126.94737,37.59847],[126.94691,37.59811],[126.94649,37.59668],[126.94711,37.59552],[126.9472,37.59468],[126.94467,37.59181],[126.94184,37.59093],[126.94145,37.5914],[126.94087,37.59434],[126.93938,37.59602],[126.9386,37.59759],[126.94058,37.5986],[126.94092,37.59908],[126.94121,37.60091],[126.94017,37.60183],[126.94044,37.60286],[126.94242,37.60482],[126.94492,37.60482],[126.94634,37.6071],[126.94722,37.6078],[126.9478,37.60768],[126.94827,37.60799],[126.94899,37.60807],[126.94942,37.60769],[126.94999,37.6077],[126.95074,37.60832],[126.95338,37.60537]]]]}},{"type":"Feature","properties":{"code":"11410685","name":"서대문구 홍은2동","share":0.0072,"foreign":135},"geometry":{"type":"MultiPolygon","coordinates":[[[[126.9386,37.59759],[126.93938,37.59602],[126.94087,37.59434],[126.94145,37.5914],[126.9368,37.58867],[126.93602,37.58795],[126.9355,37.58704],[126.93536,37.58613],[126.93555,37.5852],[126.93781,37.58185],[126.93771,37.5811],[126.93663,37.58015],[126.9321,37.57841],[126.92731,37.57594],[126.9252,37.5795],[126.9245,37.58185],[126.92462,37.58257],[126.92393,37.58387],[126.92321,37.58428],[126.92282,37.58562],[126.92812,37.58838],[126.92787,37.59045],[126.92826,37.59165],[126.93066,37.59449],[126.93366,37.5964],[126.93777,37.59775],[126.9386,37.59759]]]]}},{"type":"Feature","properties":{"code":"11410690","name":"서대문구 남가좌1동","share":0.0028,"foreign":28},"geometry":{"type":"MultiPolygon","coordinates":[[[[126.92189,37.57191],[126.91685,37.56789],[126.91181,37.57028],[126.91128,37.57218],[126.9114,37.57258],[126.91513,37.57516],[126.91702,37.57504],[126.92189,37.57191]]]]}},{"type":"Feature","properties":{"code":"11410700","name":"서대문구 남가좌2동","share":0.0094,"foreign":172},"geometry":{"type":"MultiPolygon","coordinates":[[[[126.92731,37.57594],[126.92189,37.57191],[126.91702,37.57504],[126.91453,37.57524],[126.91556,37.57839],[126.9181,37.58048],[126.92153,37.58088],[126.92081,37.58291],[126.92302,37.585],[126.92321,37.58428],[126.92393,37.58387],[126.92428,37.5833],[126.92462,37.58257],[126.9245,37.58185],[126.9252,37.5795],[126.92731,37.57594]]]]}},{"type":"Feature","properties":{"code":"11410710","name":"서대문구 북가좌1동","share":0.0039,"foreign":47},"geometry":{"type":"MultiPolygon","coordinates":[[[[126.91453,37.57524],[126.91513,37.57516],[126.9114,37.57258],[126.91128,37.57218],[126.91181,37.57028],[126.90478,37.57339],[126.90161,37.57546],[126.90629,37.58012],[126.91278,37.57556],[126.91453,37.57524]]]]}},{"type":"Feature","properties":{"code":"11410720","name":"서대문구 북가좌2동","share":0.0017,"foreign":42},"geometry":{"type":"MultiPolygon","coordinates":[[[[126.92081,37.58291],[126.92153,37.58088],[126.9181,37.58048],[126.91556,37.57839],[126.91453,37.57524],[126.91278,37.57556],[126.90629,37.58012],[126.91255,37.58602],[126.91315,37.58703],[126.91544,37.58549],[126.91583,37.58314],[126.91891,37.58341],[126.92081,37.58291]]]]}},{"type":"Feature","properties":{"code":"11410565","name":"서대문구 충현동","share":0.0241,"foreign":1078},"geometry":{"type":"MultiPolygon","coordinates":[[[[126.96581,37.56667],[126.96677,37.56579],[126.96959,37.56201],[126.9669,37.56131],[126.96376,37.55935],[126.96207,37.55926],[126.95923,37.56197],[126.95343,37.56115],[126.94986,37.55981],[126.9496,37.5602],[126.94922,37.56516],[126.95,37.56648],[126.94969,37.56846],[126.95367,37.56934],[126.95641,37.56678],[126.95894,37.56554],[126.96254,37.5659],[126.96295,37.56625],[126.96581,37.56667]]]]}},{"type":"Feature","properties":{"code":"11410555","name":"서대문구 북아현동","share":0.0821,"foreign":6605},"geometry":{"type":"MultiPolygon","coordinates":[[[[126.96207,37.55926],[126.95871,37.55666],[126.95849,37.55724],[126.95707,37.55748],[126.94885,37.55697],[126.94986,37.55981],[126.95343,37.56115],[126.95923,37.56197],[126.96207,37.55926]]]]}},{"type":"Feature","properties":{"code":"11410585","name":"서대문구 신촌동","share":0.0384,"foreign":2588},"geometry":{"type":"MultiPolygon","coordinates":[[[[126.94969,37.56846],[126.95,37.56648],[126.94922,37.56516],[126.94951,37.56053],[126.94986,37.55981],[126.94885,37.55697],[126.94105,37.55644],[126.93687,37.5551],[126.92663,37.55883],[126.92668,37.56058],[126.9272,37.56183],[126.92848,37.56099],[126.93117,37.56109],[126.93306,37.56312],[126.93447,37.56623],[126.93931,37.56941],[126.94265,37.57032],[126.94336,37.5709],[126.94404,37.57218],[126.94397,37.57297],[126.94349,37.57349],[126.94349,37.57454],[126.94474,37.5766],[126.94675,37.57681],[126.94752,37.57612],[126.94904,37.57565],[126.94905,37.57465],[126.94879,37.574],[126.94786,37.57325],[126.94767,37.57279],[126.94894,37.56944],[126.94969,37.56846]]]]}},{"type":"Feature","properties":{"code":"11410615","name":"서대문구 연희동","share":0.0154,"foreign":510},"geometry":{"type":"MultiPolygon","coordinates":[[[[126.94675,37.57681],[126.94474,37.5766],[126.94353,37.57468],[126.94349,37.57349],[126.94397,37.57297],[126.94404,37.57218],[126.94336,37.5709],[126.94265,37.57032],[126.93931,37.56941],[126.93447,37.56623],[126.93306,37.56312],[126.93142,37.56124],[126.93082,37.56096],[126.92848,37.56099],[126.9272,37.56183],[126.92825,37.56334],[126.92569,37.56529],[126.92474,37.56573],[126.91774,37.56744],[126.91685,37.56789],[126.92731,37.57594],[126.9321,37.57841],[126.93663,37.58015],[126.93739,37.58065],[126.9379,37.58162],[126.93719,37.58254],[126.94084,37.58391],[126.94187,37.58083],[126.94471,37.57746],[126.94675,37.57681]]]]}},{"type":"Feature","properties":{"code":"11440590","name":"마포구 용강동","share":0.027,"foreign":656},"geometry":{"type":"MultiPolygon","coordinates":[[[[126.94453,37.54515],[126.94781,37.54336],[126.94923,37.54331],[126.94968,37.54382],[126.9507,37.5434],[126.94917,37.54184],[126.94375,37.53798],[126.94121,37.53645],[126.93582,37.539],[126.93706,37.54216],[126.94073,37.54661],[126.94453,37.54515]]]]}},{"type":"Feature","properties":{"code":"11440600","name":"마포구 대흥동","share":0.0198,"foreign":527},"geometry":{"type":"MultiPolygon","coordinates":[[[[126.94681,37.55685],[126.9465,37.55674],[126.94667,37.55306],[126.94527,37.54952],[126.94484,37.54937],[126.94375,37.54743],[126.94377,37.54684],[126.94453,37.54515],[126.94073,37.54661],[126.93987,37.54738],[126.93991,37.54763],[126.93746,37.55065],[126.93406,37.55261],[126.93372,37.55311],[126.93687,37.5551],[126.94105,37.55644],[126.94681,37.55685]]]]}},{"type":"Feature","properties":{"code":"11440610","name":"마포구 염리동","share":0.0215,"foreign":388},"geometry":{"type":"MultiPolygon","coordinates":[[[[126.94968,37.54382],[126.94923,37.54331],[126.94781,37.54336],[126.94552,37.54449],[126.94453,37.54515],[126.94374,37.54697],[126.94375,37.54743],[126.94469,37.54915],[126.94527,37.54952],[126.94667,37.55306],[126.9465,37.55674],[126.94681,37.55685],[126.94885,37.55697],[126.94876,37.55543],[126.94963,37.55502],[126.95041,37.55397],[126.95065,37.55297],[126.94998,37.54763],[126.94777,37.54537],[126.94788,37.54464],[126.94968,37.54382]]]]}},{"type":"Feature","properties":{"code":"11440630","name":"마포구 신수동","share":0.0051,"foreign":76},"geometry":{"type":"MultiPolygon","coordinates":[[[[126.94073,37.54661],[126.93706,37.54216],[126.93582,37.539],[126.93026,37.54132],[126.928,37.5415],[126.93036,37.54514],[126.93138,37.54509],[126.9319,37.54546],[126.93258,37.54733],[126.93296,37.55148],[126.93372,37.55311],[126.93406,37.55261],[126.93746,37.55065],[126.93991,37.54763],[126.93987,37.54738],[126.94073,37.54661]]]]}},{"type":"Feature","properties":{"code":"11440660","name":"마포구 서교동","share":0.0785,"foreign":8076},"geometry":{"type":"MultiPolygon","coordinates":[[[[126.91353,37.54948],[126.91166,37.55422],[126.9088,37.55742],[126.91023,37.55793],[126.91201,37.55826],[126.91576,37.55825],[126.9176,37.55884],[126.91878,37.55754],[126.92161,37.55947],[126.92625,37.56122],[126.92714,37.56175],[126.92668,37.56058],[126.92663,37.55883],[126.93687,37.5551],[126.93408,37.55342],[126.93094,37.55471],[126.92504,37.55317],[126.9241,37.55223],[126.92424,37.55093],[126.92185,37.5491],[126.9203,37.54831],[126.91509,37.54918],[126.91439,37.54977],[126.91562,37.5507],[126.91541,37.55088],[126.91353,37.54948]]]]}},{"type":"Feature","properties":{"code":"11440680","name":"마포구 합정동","share":0.0255,"foreign":560},"geometry":{"type":"MultiPolygon","coordinates":[[[[126.91353,37.54948],[126.91541,37.55088],[126.91562,37.5507],[126.91439,37.54977],[126.91509,37.54918],[126.9203,37.54831],[126.9167,37.54346],[126.91708,37.54278],[126.9171,37.54142],[126.90498,37.54132],[126.90218,37.54407],[126.90175,37.54513],[126.899,37.54792],[126.90284,37.55146],[126.91166,37.55422],[126.91353,37.54948]]]]}},{"type":"Feature","properties":{"code":"11440690","name":"마포구 망원1동","share":0.0179,"foreign":329},"geometry":{"type":"MultiPolygon","coordinates":[[[[126.9088,37.55742],[126.91166,37.55422],[126.90284,37.55146],[126.899,37.54792],[126.89063,37.55117],[126.89179,37.55344],[126.89441,37.55754],[126.89687,37.55536],[126.89994,37.55633],[126.90819,37.55805],[126.9088,37.55742]]]]}},{"type":"Feature","properties":{"code":"11440700","name":"마포구 망원2동","share":0.0101,"foreign":138},"geometry":{"type":"MultiPolygon","coordinates":[[[[126.9043,37.5624],[126.90819,37.55805],[126.89994,37.55633],[126.89687,37.55536],[126.89293,37.55898],[126.89432,37.55989],[126.90236,37.56317],[126.90334,37.5633],[126.9043,37.5624]]]]}},{"type":"Feature","properties":{"code":"11440710","name":"마포구 연남동","share":0.0655,"foreign":1222},"geometry":{"type":"MultiPolygon","coordinates":[[[[126.9272,37.56183],[126.92625,37.56122],[126.92161,37.55947],[126.91878,37.55754],[126.9176,37.55884],[126.91795,37.55941],[126.91811,37.56098],[126.91709,37.56357],[126.91666,37.56694],[126.91774,37.56744],[126.92474,37.56573],[126.92569,37.56529],[126.92825,37.56334],[126.9272,37.56183]]]]}},{"type":"Feature","properties":{"code":"11440720","name":"마포구 성산1동","share":0.02,"foreign":385},"geometry":{"type":"MultiPolygon","coordinates":[[[[126.9176,37.55884],[126.91576,37.55825],[126.91201,37.55826],[126.90909,37.55766],[126.9088,37.55742],[126.90358,37.56337],[126.91544,37.56681],[126.91666,37.56694],[126.91709,37.56357],[126.91811,37.56098],[126.91795,37.55941],[126.9176,37.55884]]]]}},{"type":"Feature","properties":{"code":"11440730","name":"마포구 성산2동","share":0.0036,"foreign":104},"geometry":{"type":"MultiPolygon","coordinates":[[[[126.91181,37.57028],[126.91774,37.56744],[126.91666,37.56694],[126.91544,37.56681],[126.90358,37.56337],[126.9043,37.5624],[126.90334,37.5633],[126.90236,37.56317],[126.89432,37.55989],[126.89364,37.56141],[126.8951,37.5652],[126.89486,37.56649],[126.8928,37.56763],[126.89197,37.56839],[126.89116,37.5697],[126.89122,37.5709],[126.89214,37.57285],[126.89393,37.57326],[126.89457,37.57265],[126.8991,37.57325],[126.90029,37.57384],[126.90161,37.57546],[126.90478,37.57339],[126.91181,37.57028]]]]}},{"type":"Feature","properties":{"code":"11440740","name":"마포구 상암동","share":0.0059,"foreign":341},"geometry":{"type":"MultiPolygon","coordinates":[[[[126.8982,37.57826],[126.90164,37.57592],[126.90282,37.57715],[126.90313,37.57689],[126.90029,37.57384],[126.8991,37.57325],[126.89457,37.57265],[126.89402,37.57322],[126.89354,37.57326],[126.89205,37.57272],[126.89122,37.5709],[126.89116,37.5697],[126.89197,37.56839],[126.8928,37.56763],[126.89486,37.56649],[126.8951,37.5652],[126.89364,37.56141],[126.89432,37.55989],[126.89293,37.55898],[126.89441,37.55754],[126.89179,37.55344],[126.89063,37.55117],[126.87203,37.56004],[126.86306,37.565],[126.85517,37.56998],[126.85356,37.57181],[126.85412,37.57386],[126.85912,37.57486],[126.86172,37.57586],[126.86495,37.57584],[126.86664,37.57645],[126.86799,37.57739],[126.87335,37.57885],[126.87708,37.5789],[126.87763,37.57975],[126.87663,37.58156],[126.87667,37.58412],[126.87763,37.5862],[126.88029,37.58964],[126.88224,37.59094],[126.88992,37.58444],[126.89218,37.58294],[126.89623,37.58085],[126.89791,37.57917],[126.8982,37.57826]]]]}},{"type":"Feature","properties":{"code":"11440585","name":"마포구 도화동","share":0.0379,"foreign":662},"geometry":{"type":"MultiPolygon","coordinates":[[[[126.9564,37.54058],[126.95301,37.53785],[126.95297,37.53743],[126.95223,37.5368],[126.95113,37.53621],[126.94942,37.53587],[126.94781,37.53562],[126.9464,37.53574],[126.94508,37.53493],[126.94467,37.53375],[126.94121,37.53645],[126.94375,37.53798],[126.94917,37.54184],[126.9507,37.5434],[126.9564,37.54058]]]]}},{"type":"Feature","properties":{"code":"11440655","name":"마포구 서강동","share":0.0286,"foreign":714},"geometry":{"type":"MultiPolygon","coordinates":[[[[126.93408,37.55342],[126.93372,37.55311],[126.93296,37.55148],[126.93258,37.54733],[126.9319,37.54546],[126.93138,37.54509],[126.93036,37.54514],[126.928,37.5415],[126.93026,37.54132],[126.92763,37.53903],[126.92303,37.54059],[126.92244,37.54139],[126.9171,37.54142],[126.91708,37.54278],[126.9167,37.54346],[126.9203,37.54831],[126.92185,37.5491],[126.92424,37.55093],[126.9241,37.55223],[126.92504,37.55317],[126.93094,37.55471],[126.93408,37.55342]]]]}},{"type":"Feature","properties":{"code":"11440565","name":"마포구 공덕동","share":0.0092,"foreign":272},"geometry":{"type":"MultiPolygon","coordinates":[[[[126.96239,37.5515],[126.96394,37.5498],[126.96369,37.5489],[126.96293,37.54878],[126.95863,37.54558],[126.9577,37.54208],[126.9564,37.54058],[126.95047,37.54354],[126.95399,37.54808],[126.95871,37.55666],[126.96148,37.55885],[126.96304,37.55818],[126.96322,37.55715],[126.9631,37.55642],[126.96205,37.55533],[126.9617,37.55534],[126.96171,37.55297],[126.96239,37.5515]]]]}},{"type":"Feature","properties":{"code":"11440555","name":"마포구 아현동","share":0.0074,"foreign":209},"geometry":{"type":"MultiPolygon","coordinates":[[[[126.95871,37.55666],[126.95399,37.54808],[126.95047,37.54354],[126.95064,37.54342],[126.94788,37.54464],[126.94777,37.54537],[126.94998,37.54763],[126.95065,37.55297],[126.95041,37.55397],[126.94963,37.55502],[126.94876,37.55543],[126.94885,37.55697],[126.95707,37.55748],[126.95849,37.55724],[126.95871,37.55666]]]]}},{"type":"Feature","properties":{"code":"11470510","name":"양천구 목1동","share":0.0019,"foreign":88},"geometry":{"type":"MultiPolygon","coordinates":[[[[126.88848,37.53072],[126.88631,37.52806],[126.88173,37.52632],[126.88051,37.52523],[126.87982,37.5222],[126.87116,37.52313],[126.86859,37.52396],[126.8654,37.52257],[126.86432,37.52621],[126.86401,37.5298],[126.88148,37.53189],[126.88507,37.53156],[126.88848,37.53072]]]]}},{"type":"Feature","properties":{"code":"11470520","name":"양천구 목2동","share":0.0037,"foreign":60},"geometry":{"type":"MultiPolygon","coordinates":[[[[126.88516,37.54359],[126.88349,37.54401],[126.88189,37.54358],[126.87749,37.5415],[126.87267,37.53757],[126.86793,37.54025],[126.86616,37.54411],[126.86686,37.54557],[126.86853,37.54722],[126.87005,37.54699],[126.8707,37.54765],[126.87242,37.54711],[126.87501,37.54696],[126.87814,37.54721],[126.88071,37.54787],[126.88516,37.54359]]]]}},{"type":"Feature","properties":{"code":"11470530","name":"양천구 목3동","share":0.0022,"foreign":37},"geometry":{"type":"MultiPolygon","coordinates":[[[[126.86498,37.55093],[126.8707,37.54765],[126.87005,37.54699],[126.86853,37.54722],[126.86686,37.54557],[126.86627,37.54449],[126.86616,37.54411],[126.86793,37.54025],[126.86847,37.53979],[126.86367,37.53928],[126.86294,37.54247],[126.86234,37.5436],[126.86217,37.54448],[126.86428,37.55139],[126.86498,37.55093]]]]}},{"type":"Feature","properties":{"code":"11470540","name":"양천구 목4동","share":0.0016,"foreign":24},"geometry":{"type":"MultiPolygon","coordinates":[[[[126.87267,37.53757],[126.87015,37.53539],[126.86719,37.53022],[126.86401,37.5298],[126.86349,37.5356],[126.86367,37.53928],[126.86847,37.53979],[126.87267,37.53757]]]]}},{"type":"Feature","properties":{"code":"11470560","name":"양천구 신월1동","share":0.0022,"foreign":27},"geometry":{"type":"MultiPolygon","coordinates":[[[[126.84049,37.52654],[126.83489,37.52555],[126.83251,37.52972],[126.82832,37.53575],[126.83517,37.53691],[126.83473,37.53603],[126.84049,37.52654]]]]}},{"type":"Feature","properties":{"code":"11470570","name":"양천구 신월2동","share":0.0028,"foreign":28},"geometry":{"type":"MultiPolygon","coordinates":[[[[126.85161,37.52172],[126.84853,37.52252],[126.84702,37.52225],[126.84692,37.52194],[126.84866,37.52071],[126.84851,37.51703],[126.84568,37.51799],[126.84049,37.52654],[126.8489,37.5279],[126.85168,37.52263],[126.85161,37.52172]]]]}},{"type":"Feature","properties":{"code":"11470580","name":"양천구 신월3동","share":0.0014,"foreign":17},"geometry":{"type":"MultiPolygon","coordinates":[[[[126.82832,37.53575],[126.83251,37.52972],[126.83489,37.52555],[126.82592,37.52408],[126.82645,37.52496],[126.82815,37.5258],[126.82823,37.52621],[126.82881,37.52651],[126.82846,37.5267],[126.82786,37.52818],[126.82814,37.52903],[126.82709,37.5298],[126.82549,37.52982],[126.82345,37.53254],[126.82351,37.53377],[126.82274,37.53377],[126.82265,37.53419],[126.82182,37.53487],[126.8224,37.53649],[126.82231,37.53792],[126.82159,37.53972],[126.82215,37.54068],[126.82443,37.54138],[126.8257,37.53984],[126.82832,37.53575]]]]}},{"type":"Feature","properties":{"code":"11470590","name":"양천구 신월4동","share":0.0015,"foreign":14},"geometry":{"type":"MultiPolygon","coordinates":[[[[126.84444,37.52004],[126.83945,37.51709],[126.8379,37.5206],[126.83489,37.52555],[126.84049,37.52654],[126.84444,37.52004]]]]}},{"type":"Feature","properties":{"code":"11470600","name":"양천구 신월5동","share":0.0015,"foreign":15},"geometry":{"type":"MultiPolygon","coordinates":[[[[126.82974,37.54767],[126.83035,37.54577],[126.82974,37.54407],[126.83022,37.54268],[126.83008,37.54172],[126.83314,37.54184],[126.83378,37.53987],[126.83517,37.53691],[126.82832,37.53575],[126.8257,37.53984],[126.82443,37.54138],[126.82541,37.54165],[126.82525,37.54215],[126.82613,37.54281],[126.82573,37.54394],[126.82593,37.5447],[126.82755,37.54706],[126.8276,37.54768],[126.82974,37.54767]]]]}},{"type":"Feature","properties":{"code":"11470610","name":"양천구 신월6동","share":0.0023,"foreign":8},"geometry":{"type":"MultiPolygon","coordinates":[[[[126.84848,37.51698],[126.84857,37.51599],[126.84225,37.51307],[126.83767,37.51368],[126.8354,37.51485],[126.83493,37.51565],[126.83945,37.51709],[126.84444,37.52004],[126.84568,37.51799],[126.84848,37.51698]]]]}},{"type":"Feature","properties":{"code":"11470611","name":"양천구 신월7동","share":0.001,"foreign":13},"geometry":{"type":"MultiPolygon","coordinates":[[[[126.83945,37.51709],[126.83378,37.51527],[126.83328,37.51601],[126.83227,37.51631],[126.83153,37.5171],[126.82942,37.51759],[126.82727,37.51634],[126.82683,37.5154],[126.82534,37.51484],[126.82605,37.51293],[126.82782,37.51215],[126.82714,37.51135],[126.82667,37.50954],[126.82697,37.50859],[126.82627,37.50875],[126.82468,37.50833],[126.82397,37.50906],[126.82385,37.51096],[126.82447,37.51304],[126.82421,37.51435],[126.82332,37.51489],[126.82324,37.51618],[126.82449,37.51772],[126.82556,37.51985],[126.82559,37.52197],[126.82521,37.52303],[126.82592,37.52408],[126.83489,37.52555],[126.8379,37.5206],[126.83945,37.51709]]]]}},{"type":"Feature","properties":{"code":"11470620","name":"양천구 신정1동","share":0.0018,"foreign":27},"geometry":{"type":"MultiPolygon","coordinates":[[[[126.8626,37.51687],[126.85888,37.51555],[126.85895,37.51472],[126.85594,37.51368],[126.85246,37.52125],[126.85292,37.52112],[126.8654,37.52257],[126.86733,37.51853],[126.8626,37.51687]]]]}},{"type":"Feature","properties":{"code":"11470630","name":"양천구 신정2동","share":0.003,"foreign":38},"geometry":{"type":"MultiPolygon","coordinates":[[[[126.87982,37.5222],[126.87947,37.51677],[126.87846,37.51428],[126.87176,37.5159],[126.87,37.51849],[126.87116,37.52313],[126.87982,37.5222]]]]}},{"type":"Feature","properties":{"code":"11470640","name":"양천구 신정3동","share":0.0018,"foreign":59},"geometry":{"type":"MultiPolygon","coordinates":[[[[126.85161,37.52172],[126.85246,37.52125],[126.85594,37.51368],[126.85816,37.50995],[126.85609,37.50947],[126.8529,37.51058],[126.84718,37.50879],[126.84529,37.50787],[126.84454,37.50644],[126.83898,37.5029],[126.83838,37.50147],[126.83836,37.50014],[126.83641,37.50065],[126.83642,37.50246],[126.83617,37.50304],[126.83434,37.50377],[126.83264,37.50503],[126.83064,37.50683],[126.83068,37.50757],[126.82697,37.50859],[126.82667,37.50954],[126.82714,37.51135],[126.82782,37.51215],[126.82605,37.51293],[126.82534,37.51484],[126.82683,37.5154],[126.82727,37.51634],[126.82942,37.51759],[126.83153,37.5171],[126.83227,37.51631],[126.83328,37.51601],[126.83378,37.51527],[126.83493,37.51565],[126.8354,37.51485],[126.83767,37.51368],[126.84225,37.51307],[126.84857,37.51599],[126.84866,37.52071],[126.84681,37.52207],[126.8476,37.52248],[126.84853,37.52252],[126.85161,37.52172]]]]}},{"type":"Feature","properties":{"code":"11470670","name":"양천구 신정6동","share":0.0013,"foreign":23},"geometry":{"type":"MultiPolygon","coordinates":[[[[126.87116,37.52313],[126.87,37.51849],[126.87176,37.5159],[126.87846,37.51428],[126.87348,37.50852],[126.8714,37.51084],[126.86975,37.51406],[126.86402,37.51207],[126.86237,37.51506],[126.86318,37.51536],[126.8626,37.51687],[126.86733,37.51853],[126.8654,37.52257],[126.86859,37.52396],[126.87116,37.52313]]]]}},{"type":"Feature","properties":{"code":"11470680","name":"양천구 신정7동","share":0.002,"foreign":37},"geometry":{"type":"MultiPolygon","coordinates":[[[[126.87348,37.50852],[126.87126,37.50563],[126.86353,37.50497],[126.86317,37.50525],[126.86246,37.50669],[126.86011,37.50669],[126.85594,37.51368],[126.85895,37.51472],[126.85888,37.51555],[126.8626,37.51687],[126.86318,37.51536],[126.86237,37.51506],[126.86402,37.51207],[126.86975,37.51406],[126.8714,37.51084],[126.87348,37.50852]]]]}},{"type":"Feature","properties":{"code":"11470550","name":"양천구 목5동","share":0.0024,"foreign":96},"geometry":{"type":"MultiPolygon","coordinates":[[[[126.88516,37.54359],[126.88552,37.54184],[126.88832,37.5368],[126.89025,37.53467],[126.89003,37.53329],[126.8888,37.53283],[126.8888,37.53206],[126.89054,37.5315],[126.89004,37.53038],[126.88507,37.53156],[126.88148,37.53189],[126.86719,37.53022],[126.87015,37.53539],[126.87437,37.53914],[126.87749,37.5415],[126.88189,37.54358],[126.88349,37.54401],[126.88516,37.54359]]]]}},{"type":"Feature","properties":{"code":"11470650","name":"양천구 신정4동","share":0.0032,"foreign":95},"geometry":{"type":"MultiPolygon","coordinates":[[[[126.8654,37.52257],[126.85292,37.52112],[126.85246,37.52125],[126.85161,37.52172],[126.85168,37.52263],[126.8489,37.5279],[126.86401,37.5298],[126.86432,37.52621],[126.8654,37.52257]]]]}},{"type":"Feature","properties":{"code":"11500510","name":"강서구 염창동","share":0.0145,"foreign":395},"geometry":{"type":"MultiPolygon","coordinates":[[[[126.87203,37.56004],[126.88038,37.55618],[126.87932,37.55483],[126.8792,37.5532],[126.87799,37.55343],[126.87814,37.55155],[126.88071,37.54787],[126.87685,37.54706],[126.87402,37.54693],[126.87242,37.54711],[126.8707,37.54765],[126.86498,37.55093],[126.86732,37.5542],[126.86304,37.55688],[126.8656,37.55909],[126.86738,37.55978],[126.86772,37.56033],[126.862,37.56335],[126.86306,37.565],[126.87203,37.56004]]]]}},{"type":"Feature","properties":{"code":"11500520","name":"강서구 등촌1동","share":0.0026,"foreign":48},"geometry":{"type":"MultiPolygon","coordinates":[[[[126.86304,37.55688],[126.86732,37.5542],[126.86498,37.55093],[126.85771,37.55407],[126.85231,37.55589],[126.85518,37.56107],[126.86304,37.55688]]]]}},{"type":"Feature","properties":{"code":"11500530","name":"강서구 등촌2동","share":0.0085,"foreign":111},"geometry":{"type":"MultiPolygon","coordinates":[[[[126.86428,37.55139],[126.86217,37.54448],[126.86234,37.5436],[126.86294,37.54247],[126.86367,37.53928],[126.86349,37.5356],[126.86188,37.53552],[126.86098,37.53714],[126.86048,37.54156],[126.85798,37.54241],[126.85749,37.54222],[126.85564,37.54276],[126.85456,37.54345],[126.8549,37.5446],[126.85483,37.5461],[126.85612,37.54736],[126.85706,37.54923],[126.85683,37.54978],[126.85798,37.55144],[126.85771,37.55407],[126.86428,37.55139]]]]}},{"type":"Feature","properties":{"code":"11500535","name":"강서구 등촌3동","share":0.0302,"foreign":1014},"geometry":{"type":"MultiPolygon","coordinates":[[[[126.84883,37.5644],[126.85518,37.56107],[126.85231,37.55589],[126.84572,37.55782],[126.83822,37.55857],[126.84095,37.56716],[126.84592,37.56473],[126.84883,37.5644]]]]}},{"type":"Feature","properties":{"code":"11500590","name":"강서구 화곡본동","share":0.0022,"foreign":48},"geometry":{"type":"MultiPolygon","coordinates":[[[[126.85483,37.5461],[126.8549,37.5446],[126.85452,37.54357],[126.85594,37.5427],[126.85592,37.54233],[126.85406,37.54091],[126.85226,37.54011],[126.85238,37.53814],[126.85339,37.53679],[126.85175,37.53663],[126.8521,37.5385],[126.85156,37.53899],[126.84722,37.53878],[126.84494,37.53774],[126.84369,37.53669],[126.84044,37.54162],[126.84189,37.54229],[126.84311,37.54345],[126.84707,37.54886],[126.84786,37.54893],[126.84913,37.5483],[126.84926,37.54776],[126.85196,37.5457],[126.85358,37.54538],[126.85483,37.5461]]]]}},{"type":"Feature","properties":{"code":"11500550","name":"강서구 화곡2동","share":0.0021,"foreign":18},"geometry":{"type":"MultiPolygon","coordinates":[[[[126.85849,37.52911],[126.85196,37.52828],[126.85143,37.53089],[126.85109,37.53558],[126.85175,37.53663],[126.85339,37.53679],[126.8547,37.53629],[126.85763,37.53342],[126.85849,37.52911]]]]}},{"type":"Feature","properties":{"code":"11500560","name":"강서구 화곡3동","share":0.0027,"foreign":41},"geometry":{"type":"MultiPolygon","coordinates":[[[[126.8363,37.54797],[126.83639,37.54672],[126.8368,37.54551],[126.8404,37.54166],[126.83378,37.53987],[126.83314,37.54184],[126.83008,37.54172],[126.83022,37.54268],[126.82974,37.54407],[126.83035,37.54577],[126.82974,37.54767],[126.83075,37.54787],[126.83103,37.54747],[126.83305,37.54741],[126.83333,37.54798],[126.8363,37.54797]]]]}},{"type":"Feature","properties":{"code":"11500570","name":"강서구 화곡4동","share":0.0063,"foreign":90},"geometry":{"type":"MultiPolygon","coordinates":[[[[126.86349,37.5356],[126.86401,37.5298],[126.85849,37.52911],[126.85763,37.53342],[126.8547,37.53629],[126.85339,37.53679],[126.85238,37.53814],[126.85226,37.54011],[126.85545,37.54182],[126.85592,37.54233],[126.85594,37.5427],[126.85749,37.54222],[126.85798,37.54241],[126.85971,37.54195],[126.86048,37.54156],[126.86098,37.53714],[126.86188,37.53552],[126.86349,37.5356]]]]}},{"type":"Feature","properties":{"code":"11500591","name":"강서구 화곡6동","share":0.0034,"foreign":61},"geometry":{"type":"MultiPolygon","coordinates":[[[[126.85231,37.55589],[126.85771,37.55407],[126.85798,37.55144],[126.85683,37.54978],[126.85706,37.54923],[126.85671,37.54846],[126.85581,37.547],[126.85483,37.5461],[126.85358,37.54538],[126.85196,37.5457],[126.84926,37.54776],[126.84913,37.5483],[126.84786,37.54893],[126.84707,37.54886],[126.84636,37.5492],[126.84441,37.55176],[126.84423,37.55231],[126.8443,37.55297],[126.8456,37.55608],[126.84572,37.55782],[126.85231,37.55589]]]]}},{"type":"Feature","properties":{"code":"11500593","name":"강서구 화곡8동","share":0.0105,"foreign":880},"geometry":{"type":"MultiPolygon","coordinates":[[[[126.85175,37.53663],[126.85109,37.53558],[126.85143,37.53089],[126.85196,37.52828],[126.8489,37.5279],[126.84687,37.53182],[126.84369,37.53669],[126.84494,37.53774],[126.84722,37.53878],[126.85156,37.53899],[126.8521,37.5385],[126.85175,37.53663]]]]}},{"type":"Feature","properties":{"code":"11500603","name":"강서구 가양1동","share":0.0067,"foreign":259},"geometry":{"type":"MultiPolygon","coordinates":[[[[126.85163,37.57326],[126.84814,37.56927],[126.85085,37.5673],[126.84883,37.5644],[126.84592,37.56473],[126.84095,37.56716],[126.83822,37.55857],[126.82696,37.5597],[126.8278,37.56663],[126.82316,37.56702],[126.82261,37.56852],[126.8227,37.57068],[126.82229,37.57308],[126.82104,37.574],[126.82085,37.57528],[126.82128,37.57714],[126.82323,37.57909],[126.8249,37.57994],[126.82594,37.58141],[126.82883,37.58404],[126.83209,37.58577],[126.85163,37.57326]]]]}},{"type":"Feature","properties":{"code":"11500604","name":"강서구 가양2동","share":0.0032,"foreign":44},"geometry":{"type":"MultiPolygon","coordinates":[[[[126.85356,37.57181],[126.85517,37.56998],[126.8595,37.56733],[126.85732,37.56461],[126.85518,37.56107],[126.84883,37.5644],[126.85085,37.5673],[126.84814,37.56927],[126.85163,37.57326],[126.85356,37.57181]]]]}},{"type":"Feature","properties":{"code":"11500605","name":"강서구 가양3동","share":0.003,"foreign":33},"geometry":{"type":"MultiPolygon","coordinates":[[[[126.86306,37.565],[126.862,37.56335],[126.86772,37.56033],[126.86738,37.55978],[126.8656,37.55909],[126.86304,37.55688],[126.85518,37.56107],[126.85732,37.56461],[126.8595,37.56733],[126.86306,37.565]]]]}},{"type":"Feature","properties":{"code":"11500611","name":"강서구 발산1동","share":0.002,"foreign":57},"geometry":{"type":"MultiPolygon","coordinates":[[[[126.82696,37.5597],[126.83822,37.55857],[126.83634,37.5526],[126.8363,37.54797],[126.83333,37.54798],[126.83305,37.54741],[126.83103,37.54747],[126.83075,37.54787],[126.8276,37.54768],[126.82755,37.54706],[126.82593,37.5447],[126.82573,37.54394],[126.82613,37.54281],[126.82525,37.54215],[126.82541,37.54165],[126.82215,37.54068],[126.81236,37.54071],[126.81331,37.54177],[126.81335,37.54328],[126.81443,37.54364],[126.81525,37.54456],[126.81537,37.54562],[126.81348,37.54743],[126.81426,37.54826],[126.8127,37.54962],[126.82315,37.55741],[126.8236,37.55933],[126.82346,37.56006],[126.82696,37.5597]]]]}},{"type":"Feature","properties":{"code":"11500620","name":"강서구 공항동","share":0.0247,"foreign":827},"geometry":{"type":"MultiPolygon","coordinates":[[[[126.81104,37.56406],[126.81236,37.56397],[126.81368,37.56436],[126.81651,37.56461],[126.81652,37.56309],[126.82722,37.56184],[126.82696,37.5597],[126.82346,37.56006],[126.8236,37.55933],[126.82315,37.55741],[126.8127,37.54962],[126.81426,37.54826],[126.81348,37.54743],[126.81537,37.54562],[126.81525,37.54456],[126.81443,37.54364],[126.81335,37.54328],[126.81331,37.54177],[126.81236,37.54071],[126.81038,37.54161],[126.80732,37.54362],[126.80285,37.54308],[126.80039,37.5417],[126.80083,37.54088],[126.79898,37.54027],[126.79875,37.53945],[126.79924,37.53929],[126.79949,37.53786],[126.79907,37.53751],[126.79838,37.53763],[126.79788,37.53703],[126.79607,37.53673],[126.7944,37.53583],[126.794,37.53686],[126.79419,37.53824],[126.79332,37.53973],[126.7943,37.5401],[126.79475,37.54152],[126.79204,37.54181],[126.79175,37.54375],[126.78738,37.54586],[126.78465,37.54629],[126.78033,37.54616],[126.77759,37.54658],[126.77681,37.54822],[126.77535,37.54907],[126.77262,37.5487],[126.77174,37.54831],[126.77007,37.55098],[126.76755,37.55196],[126.76777,37.55325],[126.7662,37.55413],[126.76634,37.55493],[126.76469,37.55537],[126.7666,37.55667],[126.77031,37.55719],[126.77208,37.557],[126.77311,37.5575],[126.77201,37.5588],[126.77563,37.5618],[126.77792,37.56011],[126.777,37.56398],[126.77501,37.56601],[126.7748,37.56753],[126.77563,37.56816],[126.77696,37.56634],[126.78053,37.56833],[126.7825,37.57023],[126.7819,37.57185],[126.7827,37.57356],[126.78458,37.57467],[126.78757,37.5756],[126.7991,37.56846],[126.79771,37.56454],[126.79965,37.56232],[126.80767,37.56171],[126.81104,37.56406]]]]}},{"type":"Feature","properties":{"code":"11500630","name":"강서구 방화1동","share":0.0046,"foreign":138},"geometry":{"type":"MultiPolygon","coordinates":[[[[126.82208,37.57328],[126.8224,37.5727],[126.8227,37.57068],[126.82261,37.56852],[126.82316,37.56702],[126.8278,37.56663],[126.82722,37.56184],[126.81652,37.56309],[126.81651,37.56461],[126.81124,37.56392],[126.81104,37.56406],[126.81259,37.56647],[126.8128,37.56996],[126.81067,37.57329],[126.80635,37.57261],[126.80417,37.57257],[126.80362,37.57258],[126.80336,37.5734],[126.80394,37.57408],[126.80734,37.57427],[126.80754,37.57487],[126.80859,37.57529],[126.81655,37.57502],[126.81651,37.57338],[126.82208,37.57328]]]]}},{"type":"Feature","properties":{"code":"11500640","name":"강서구 방화2동","share":0.1293,"foreign":3156},"geometry":{"type":"MultiPolygon","coordinates":[[[[126.80494,37.60402],[126.80664,37.60279],[126.81128,37.59868],[126.81408,37.59759],[126.81641,37.59564],[126.81759,37.59529],[126.81858,37.59359],[126.8142,37.58696],[126.81455,37.58673],[126.81405,37.58619],[126.81492,37.58584],[126.81495,37.58536],[126.81422,37.58251],[126.81369,37.5834],[126.81292,37.58376],[126.81198,37.58289],[126.81064,37.58347],[126.80904,37.58363],[126.80782,37.58228],[126.80635,37.58198],[126.80643,37.58121],[126.80548,37.57953],[126.80621,37.57948],[126.80591,37.57786],[126.80511,37.57711],[126.80394,37.57408],[126.80336,37.5734],[126.80362,37.57258],[126.80417,37.57257],[126.80635,37.57261],[126.81067,37.57329],[126.8128,37.56996],[126.81275,37.56721],[126.81231,37.56585],[126.81104,37.56406],[126.80767,37.56171],[126.79965,37.56232],[126.79771,37.56454],[126.7991,37.56846],[126.78757,37.5756],[126.79006,37.57757],[126.79052,37.58031],[126.79174,37.58114],[126.79299,37.57974],[126.79367,37.5816],[126.79482,37.58331],[126.79591,37.58316],[126.7969,37.58402],[126.79834,37.58779],[126.79883,37.58822],[126.80079,37.588],[126.80081,37.58901],[126.79906,37.59211],[126.79725,37.59659],[126.7971,37.59891],[126.79792,37.60075],[126.80093,37.60434],[126.80185,37.60465],[126.80289,37.60462],[126.80494,37.60402]]]]}},{"type":"Feature","properties":{"code":"11500641","name":"강서구 방화3동","share":0.0029,"foreign":36},"geometry":{"type":"MultiPolygon","coordinates":[[[[126.82682,37.58799],[126.83209,37.58577],[126.82883,37.58404],[126.82594,37.58141],[126.8249,37.57994],[126.82323,37.57909],[126.82128,37.57714],[126.82085,37.57528],[126.82104,37.574],[126.82208,37.57328],[126.81651,37.57338],[126.81655,37.57502],[126.81578,37.57507],[126.80859,37.57529],[126.80754,37.57487],[126.80734,37.57427],[126.80394,37.57408],[126.80511,37.57711],[126.80591,37.57786],[126.80621,37.57948],[126.80548,37.57953],[126.80643,37.58121],[126.80635,37.58198],[126.80782,37.58228],[126.80904,37.58363],[126.81064,37.58347],[126.81198,37.58289],[126.81292,37.58376],[126.81369,37.5834],[126.81422,37.58251],[126.81495,37.58536],[126.81492,37.58584],[126.81405,37.58619],[126.81455,37.58673],[126.8142,37.58696],[126.81858,37.59359],[126.82682,37.58799]]]]}},{"type":"Feature","properties":{"code":"11500540","name":"강서구 화곡1동","share":0.0063,"foreign":367},"geometry":{"type":"MultiPolygon","coordinates":[[[[126.84044,37.54162],[126.84644,37.53253],[126.8489,37.5279],[126.84049,37.52654],[126.83473,37.53603],[126.83517,37.53691],[126.83378,37.53987],[126.84044,37.54162]]]]}},{"type":"Feature","properties":{"code":"11500615","name":"강서구 우장산동","share":0.0038,"foreign":114},"geometry":{"type":"MultiPolygon","coordinates":[[[[126.84572,37.55782],[126.8456,37.55608],[126.8443,37.55297],[126.84423,37.55231],[126.84441,37.55176],[126.84636,37.5492],[126.84707,37.54886],[126.84311,37.54345],[126.84189,37.54229],[126.84044,37.54162],[126.83712,37.54503],[126.83639,37.54672],[126.83634,37.5526],[126.83822,37.55857],[126.84572,37.55782]]]]}},{"type":"Feature","properties":{"code":"11530510","name":"구로구 신도림동","share":0.0035,"foreign":110},"geometry":{"type":"MultiPolygon","coordinates":[[[[126.89297,37.50946],[126.89514,37.50815],[126.89386,37.50748],[126.89142,37.50751],[126.89105,37.50788],[126.88999,37.50816],[126.88292,37.50376],[126.88198,37.50358],[126.88014,37.50493],[126.87842,37.50492],[126.87703,37.5055],[126.87348,37.50852],[126.87846,37.51428],[126.87947,37.51677],[126.88963,37.51209],[126.89068,37.51133],[126.89175,37.50987],[126.89297,37.50946]]]]}},{"type":"Feature","properties":{"code":"11530520","name":"구로구 구로1동","share":0.0022,"foreign":30},"geometry":{"type":"MultiPolygon","coordinates":[[[[126.88015,37.48734],[126.88066,37.48597],[126.8781,37.48629],[126.87634,37.48561],[126.87474,37.48538],[126.87515,37.48648],[126.87529,37.48853],[126.87278,37.4888],[126.87005,37.49192],[126.86965,37.49252],[126.86961,37.4934],[126.86891,37.4951],[126.86831,37.4951],[126.86803,37.49706],[126.86841,37.49644],[126.87121,37.49696],[126.87332,37.49799],[126.87835,37.49981],[126.88016,37.50008],[126.87957,37.49772],[126.88015,37.48734]]]]}},{"type":"Feature","properties":{"code":"11530540","name":"구로구 구로3동","share":0.0062,"foreign":338},"geometry":{"type":"MultiPolygon","coordinates":[[[[126.90323,37.48499],[126.89947,37.48034],[126.89895,37.47895],[126.89617,37.47855],[126.89438,37.4802],[126.89211,37.48065],[126.89133,37.48338],[126.89156,37.48369],[126.88751,37.48484],[126.88621,37.48498],[126.88835,37.48744],[126.8954,37.49203],[126.89756,37.4876],[126.90045,37.48567],[126.90323,37.48499]]]]}},{"type":"Feature","properties":{"code":"11530550","name":"구로구 구로4동","share":0.0106,"foreign":162},"geometry":{"type":"MultiPolygon","coordinates":[[[[126.89537,37.4921],[126.88835,37.48744],[126.88605,37.48498],[126.88481,37.4879],[126.88407,37.49052],[126.88799,37.48993],[126.89041,37.49321],[126.88882,37.49529],[126.89353,37.49772],[126.89537,37.4921]]]]}},{"type":"Feature","properties":{"code":"11530560","name":"구로구 구로5동","share":0.0055,"foreign":186},"geometry":{"type":"MultiPolygon","coordinates":[[[[126.89386,37.50748],[126.89334,37.50252],[126.89353,37.49772],[126.88882,37.49529],[126.88722,37.49717],[126.8847,37.49906],[126.88353,37.49965],[126.87982,37.50302],[126.88123,37.50399],[126.88198,37.50358],[126.88292,37.50376],[126.88999,37.50816],[126.89105,37.50788],[126.89142,37.50751],[126.89386,37.50748]]]]}},{"type":"Feature","properties":{"code":"11530720","name":"구로구 고척1동","share":0.0032,"foreign":76},"geometry":{"type":"MultiPolygon","coordinates":[[[[126.87126,37.50563],[126.86803,37.49706],[126.86819,37.49553],[126.86419,37.49401],[126.86361,37.4961],[126.8631,37.49681],[126.86256,37.49662],[126.85664,37.49755],[126.85555,37.49931],[126.85605,37.50224],[126.85715,37.50217],[126.85741,37.50317],[126.85667,37.50393],[126.86136,37.50477],[126.86275,37.506],[126.86353,37.50497],[126.87126,37.50563]]]]}},{"type":"Feature","properties":{"code":"11530730","name":"구로구 고척2동","share":0.0025,"foreign":31},"geometry":{"type":"MultiPolygon","coordinates":[[[[126.85816,37.50995],[126.86011,37.50669],[126.86246,37.50669],[126.86275,37.506],[126.86136,37.50477],[126.85667,37.50393],[126.85741,37.50317],[126.85715,37.50217],[126.85463,37.50261],[126.85301,37.49958],[126.85274,37.49948],[126.84998,37.50132],[126.84844,37.50289],[126.84529,37.50787],[126.84718,37.50879],[126.8529,37.51058],[126.85609,37.50947],[126.85816,37.50995]]]]}},{"type":"Feature","properties":{"code":"11530750","name":"구로구 개봉2동","share":0.0028,"foreign":51},"geometry":{"type":"MultiPolygon","coordinates":[[[[126.86419,37.49401],[126.86819,37.49553],[126.86831,37.4951],[126.86704,37.49296],[126.86309,37.49096],[126.85874,37.49017],[126.85541,37.48996],[126.85097,37.48985],[126.84814,37.49046],[126.84829,37.49389],[126.84862,37.49521],[126.85077,37.49573],[126.85327,37.49585],[126.85785,37.49484],[126.85862,37.49434],[126.85929,37.4942],[126.86419,37.49401]]]]}},{"type":"Feature","properties":{"code":"11530760","name":"구로구 개봉3동","share":0.0033,"foreign":55},"geometry":{"type":"MultiPolygon","coordinates":[[[[126.85651,37.48569],[126.85324,37.4824],[126.85189,37.48163],[126.85109,37.48155],[126.84824,37.48211],[126.84987,37.48388],[126.84759,37.48463],[126.84581,37.48551],[126.84466,37.48653],[126.84637,37.4891],[126.84814,37.49046],[126.85097,37.48985],[126.85541,37.48996],[126.85874,37.49017],[126.86309,37.49096],[126.86161,37.49018],[126.8577,37.4859],[126.85651,37.48569]]]]}},{"type":"Feature","properties":{"code":"11530770","name":"구로구 오류1동","share":0.0161,"foreign":295},"geometry":{"type":"MultiPolygon","coordinates":[[[[126.83836,37.50014],[126.84109,37.50014],[126.84415,37.49969],[126.84838,37.49766],[126.84996,37.49663],[126.85077,37.49573],[126.84555,37.4944],[126.84507,37.49401],[126.84411,37.49378],[126.83808,37.49316],[126.83737,37.49449],[126.83689,37.49619],[126.83442,37.49768],[126.83412,37.49843],[126.83424,37.49891],[126.83622,37.50063],[126.83836,37.50014]]]]}},{"type":"Feature","properties":{"code":"11530800","name":"구로구 항동","share":null,"foreign":0},"geometry":{"type":"MultiPolygon","coordinates":[[[[126.82405,37.48885],[126.82597,37.48823],[126.8278,37.48817],[126.82888,37.48576],[126.82994,37.48552],[126.83044,37.48441],[126.83207,37.48394],[126.83208,37.48291],[126.83084,37.48122],[126.83212,37.48082],[126.83199,37.48009],[126.83255,37.47905],[126.83235,37.47826],[126.83179,37.47757],[126.82876,37.4761],[126.82597,37.47685],[126.82513,37.47676],[126.82419,37.47618],[126.82265,37.47586],[126.82168,37.47531],[126.82122,37.47625],[126.81922,37.47616],[126.81915,37.4755],[126.8195,37.47511],[126.81846,37.47518],[126.81867,37.47413],[126.81784,37.47315],[126.81731,37.47318],[126.81666,37.47392],[126.81539,37.47401],[126.81475,37.47467],[126.81487,37.47578],[126.81529,37.47645],[126.81609,37.47672],[126.81607,37.47712],[126.81705,37.47812],[126.8182,37.47814],[126.81957,37.48028],[126.81993,37.48176],[126.81945,37.48271],[126.81943,37.48547],[126.82233,37.48674],[126.82347,37.48775],[126.82303,37.48808],[126.823,37.48848],[126.82405,37.48885]]]]}},{"type":"Feature","properties":{"code":"11530790","name":"구로구 수궁동","share":0.0027,"foreign":44},"geometry":{"type":"MultiPolygon","coordinates":[[[[126.83641,37.50065],[126.83569,37.50034],[126.83424,37.49891],[126.83412,37.49831],[126.83442,37.49768],[126.83689,37.49619],[126.83737,37.49449],[126.83808,37.49316],[126.82694,37.49321],[126.82685,37.49126],[126.82702,37.49121],[126.82405,37.48885],[126.823,37.48848],[126.82274,37.48998],[126.81854,37.49165],[126.81786,37.49158],[126.81594,37.49243],[126.81559,37.49307],[126.81439,37.4932],[126.81429,37.49463],[126.81298,37.49629],[126.814,37.4972],[126.81436,37.49831],[126.81593,37.49764],[126.81821,37.49888],[126.81895,37.49869],[126.81976,37.49923],[126.81938,37.5005],[126.8202,37.50158],[126.82159,37.50206],[126.82152,37.50303],[126.82245,37.50607],[126.82224,37.5076],[126.82627,37.50875],[126.83068,37.50757],[126.83064,37.50683],[126.83264,37.50503],[126.83434,37.50377],[126.83617,37.50304],[126.83642,37.50246],[126.83641,37.50065]]]]}},{"type":"Feature","properties":{"code":"11530595","name":"구로구 가리봉동","share":0.0151,"foreign":193},"geometry":{"type":"MultiPolygon","coordinates":[[[[126.88605,37.48498],[126.88751,37.48484],[126.89156,37.48369],[126.89133,37.48338],[126.89211,37.48065],[126.89438,37.4802],[126.89617,37.47855],[126.89481,37.47851],[126.89013,37.47931],[126.88834,37.48002],[126.88547,37.48284],[126.88066,37.48597],[126.88015,37.48734],[126.88288,37.4866],[126.88605,37.48498]]]]}},{"type":"Feature","properties":{"code":"11530530","name":"구로구 구로2동","share":0.0098,"foreign":332},"geometry":{"type":"MultiPolygon","coordinates":[[[[126.88123,37.50399],[126.87982,37.50302],[126.88353,37.49965],[126.8847,37.49906],[126.88722,37.49717],[126.89041,37.49321],[126.88799,37.48993],[126.88407,37.49052],[126.88481,37.4879],[126.88605,37.48498],[126.88288,37.4866],[126.88015,37.48734],[126.87957,37.49772],[126.88016,37.50008],[126.87835,37.49981],[126.87332,37.49799],[126.87121,37.49696],[126.86841,37.49644],[126.86803,37.49706],[126.87126,37.50563],[126.87348,37.50852],[126.87703,37.5055],[126.87842,37.50492],[126.88014,37.50493],[126.88123,37.50399]]]]}},{"type":"Feature","properties":{"code":"11530740","name":"구로구 개봉1동","share":0.0052,"foreign":121},"geometry":{"type":"MultiPolygon","coordinates":[[[[126.85605,37.50224],[126.85555,37.49931],[126.85664,37.49755],[126.86256,37.49662],[126.8631,37.49681],[126.86361,37.4961],[126.86419,37.49401],[126.85929,37.4942],[126.85862,37.49434],[126.85785,37.49484],[126.85327,37.49585],[126.85077,37.49573],[126.84996,37.49663],[126.84838,37.49766],[126.84415,37.49969],[126.84109,37.50014],[126.83836,37.50014],[126.83838,37.50147],[126.83898,37.5029],[126.84454,37.50644],[126.84529,37.50787],[126.84844,37.50289],[126.84998,37.50132],[126.85274,37.49948],[126.85301,37.49958],[126.85463,37.50261],[126.85605,37.50224]]]]}},{"type":"Feature","properties":{"code":"11545510","name":"금천구 가산동","share":0.0053,"foreign":450},"geometry":{"type":"MultiPolygon","coordinates":[[[[126.88066,37.48597],[126.88547,37.48284],[126.88775,37.48048],[126.88872,37.4798],[126.89013,37.47931],[126.89586,37.47846],[126.89653,37.47575],[126.89406,37.47452],[126.89388,37.47223],[126.88712,37.47203],[126.8891,37.46756],[126.8894,37.46576],[126.88677,37.46468],[126.87846,37.4747],[126.87562,37.47948],[126.87391,37.48333],[126.87398,37.48505],[126.87474,37.48538],[126.87634,37.48561],[126.8781,37.48629],[126.88066,37.48597]]]]}},{"type":"Feature","properties":{"code":"11545610","name":"금천구 독산1동","share":0.006,"foreign":218},"geometry":{"type":"MultiPolygon","coordinates":[[[[126.89801,37.47142],[126.89732,37.46357],[126.8977,37.46172],[126.89874,37.45939],[126.8931,37.45736],[126.89403,37.45491],[126.89523,37.45278],[126.89407,37.45264],[126.89263,37.45192],[126.88962,37.45235],[126.88717,37.45557],[126.88638,37.4562],[126.88527,37.46006],[126.88667,37.46098],[126.88762,37.46113],[126.88865,37.46083],[126.8891,37.4614],[126.88865,37.46247],[126.88677,37.46468],[126.8894,37.46576],[126.8891,37.46756],[126.88712,37.47203],[126.89388,37.47223],[126.89406,37.47452],[126.89653,37.47575],[126.89586,37.47846],[126.89895,37.47895],[126.89801,37.47142]]]]}},{"type":"Feature","properties":{"code":"11545620","name":"금천구 독산2동","share":0.0092,"foreign":96},"geometry":{"type":"MultiPolygon","coordinates":[[[[126.9124,37.46601],[126.91244,37.46568],[126.91096,37.46526],[126.90967,37.46566],[126.90728,37.46445],[126.90436,37.46229],[126.9029,37.4622],[126.90256,37.46164],[126.90248,37.46059],[126.90181,37.45944],[126.90014,37.45816],[126.89937,37.45797],[126.89742,37.46264],[126.89763,37.46651],[126.90174,37.46647],[126.90678,37.46742],[126.9124,37.46601]]]]}},{"type":"Feature","properties":{"code":"11545630","name":"금천구 독산3동","share":0.0068,"foreign":93},"geometry":{"type":"MultiPolygon","coordinates":[[[[126.90823,37.47263],[126.90632,37.47199],[126.90319,37.47236],[126.90045,37.47129],[126.89801,37.47142],[126.89895,37.47895],[126.89947,37.48034],[126.90067,37.47933],[126.90972,37.48095],[126.90882,37.47944],[126.90882,37.47886],[126.90949,37.4782],[126.91162,37.47817],[126.91194,37.47691],[126.91093,37.47382],[126.90823,37.47263]]]]}},{"type":"Feature","properties":{"code":"11545640","name":"금천구 독산4동","share":0.0086,"foreign":79},"geometry":{"type":"MultiPolygon","coordinates":[[[[126.9124,37.46601],[126.90678,37.46742],[126.90174,37.46647],[126.89763,37.46651],[126.89801,37.47142],[126.90045,37.47129],[126.90319,37.47236],[126.90632,37.47199],[126.90823,37.47263],[126.91162,37.46663],[126.9124,37.46601]]]]}},{"type":"Feature","properties":{"code":"11545670","name":"금천구 시흥1동","share":0.0035,"foreign":84},"geometry":{"type":"MultiPolygon","coordinates":[[[[126.90613,37.45371],[126.9057,37.44984],[126.90475,37.44898],[126.90292,37.44852],[126.90344,37.44714],[126.90349,37.44634],[126.90027,37.44434],[126.89823,37.44465],[126.89612,37.44585],[126.89509,37.44843],[126.89483,37.45085],[126.89407,37.45264],[126.89523,37.45278],[126.89403,37.45491],[126.8931,37.45736],[126.89874,37.45939],[126.89937,37.45797],[126.90014,37.45816],[126.90181,37.45944],[126.90248,37.46059],[126.90256,37.46164],[126.9029,37.4622],[126.90436,37.46229],[126.90613,37.45371]]]]}},{"type":"Feature","properties":{"code":"11545680","name":"금천구 시흥2동","share":0.0016,"foreign":16},"geometry":{"type":"MultiPolygon","coordinates":[[[[126.92875,37.45019],[126.92535,37.44752],[126.92373,37.44665],[126.92109,37.44413],[126.91263,37.44843],[126.91221,37.44952],[126.91263,37.4509],[126.91373,37.45292],[126.91414,37.45322],[126.91494,37.4531],[126.91645,37.45384],[126.91819,37.45552],[126.91841,37.45716],[126.92247,37.45725],[126.92264,37.45554],[126.92318,37.45443],[126.92707,37.45169],[126.92875,37.45019]]]]}},{"type":"Feature","properties":{"code":"11545690","name":"금천구 시흥3동","share":0.0015,"foreign":15},"geometry":{"type":"MultiPolygon","coordinates":[[[[126.91522,37.44006],[126.91433,37.44004],[126.91236,37.43859],[126.91135,37.43754],[126.91038,37.43541],[126.90911,37.43399],[126.90724,37.43359],[126.90447,37.43406],[126.90192,37.43637],[126.89938,37.43814],[126.89888,37.4388],[126.89872,37.43931],[126.8991,37.4396],[126.89912,37.44104],[126.89823,37.44465],[126.89977,37.44435],[126.90066,37.44448],[126.90349,37.44634],[126.90332,37.44744],[126.90721,37.44584],[126.91351,37.44189],[126.91522,37.44006]]]]}},{"type":"Feature","properties":{"code":"11545700","name":"금천구 시흥4동","share":0.0041,"foreign":33},"geometry":{"type":"MultiPolygon","coordinates":[[[[126.91244,37.46568],[126.91375,37.46528],[126.91286,37.46397],[126.91415,37.45809],[126.91323,37.45806],[126.91045,37.4567],[126.90987,37.45611],[126.90883,37.45324],[126.90613,37.45371],[126.90436,37.46229],[126.90728,37.46445],[126.90967,37.46566],[126.91096,37.46526],[126.91244,37.46568]]]]}},{"type":"Feature","properties":{"code":"11545710","name":"금천구 시흥5동","share":0.0024,"foreign":23},"geometry":{"type":"MultiPolygon","coordinates":[[[[126.91841,37.45716],[126.91819,37.45552],[126.91645,37.45384],[126.91494,37.4531],[126.91414,37.45322],[126.91373,37.45292],[126.91221,37.44968],[126.91263,37.44843],[126.92109,37.44413],[126.9199,37.44129],[126.91811,37.43992],[126.91522,37.44006],[126.91351,37.44189],[126.90721,37.44584],[126.90332,37.44744],[126.90292,37.44852],[126.90475,37.44898],[126.9057,37.44984],[126.90613,37.45371],[126.90883,37.45324],[126.90987,37.45611],[126.91045,37.4567],[126.91323,37.45806],[126.91415,37.45809],[126.91483,37.45767],[126.91841,37.45716]]]]}},{"type":"Feature","properties":{"code":"11560540","name":"영등포구 여의동","share":0.0221,"foreign":3441},"geometry":{"type":"MultiPolygon","coordinates":[[[[126.9171,37.54142],[126.92244,37.54139],[126.92303,37.54059],[126.92763,37.53903],[126.93026,37.54132],[126.94121,37.53645],[126.94467,37.53375],[126.94864,37.52855],[126.94965,37.52676],[126.94956,37.51781],[126.9394,37.51614],[126.93215,37.51565],[126.92601,37.5161],[126.91974,37.51826],[126.91602,37.52034],[126.91198,37.52626],[126.9093,37.53261],[126.90787,37.53415],[126.90647,37.53911],[126.90498,37.54132],[126.9171,37.54142]]]]}},{"type":"Feature","properties":{"code":"11560550","name":"영등포구 당산1동","share":0.0068,"foreign":182},"geometry":{"type":"MultiPolygon","coordinates":[[[[126.90284,37.52612],[126.901,37.52041],[126.9011,37.51904],[126.89969,37.51949],[126.89225,37.52074],[126.89138,37.52193],[126.89263,37.52722],[126.89415,37.52921],[126.89723,37.52775],[126.90284,37.52612]]]]}},{"type":"Feature","properties":{"code":"11560560","name":"영등포구 당산2동","share":0.0078,"foreign":321},"geometry":{"type":"MultiPolygon","coordinates":[[[[126.90498,37.54132],[126.90647,37.53911],[126.90787,37.53415],[126.9093,37.53261],[126.91198,37.52626],[126.9132,37.52442],[126.91247,37.52409],[126.9114,37.5259],[126.91031,37.52633],[126.90889,37.52613],[126.90746,37.52558],[126.90701,37.52567],[126.9064,37.52778],[126.9064,37.53235],[126.90547,37.53215],[126.90284,37.52612],[126.89723,37.52775],[126.89415,37.52921],[126.90076,37.53762],[126.8943,37.54214],[126.89564,37.54182],[126.89652,37.54295],[126.89781,37.54254],[126.89878,37.54271],[126.90005,37.54182],[126.90093,37.54228],[126.90069,37.54287],[126.90218,37.54407],[126.90498,37.54132]]]]}},{"type":"Feature","properties":{"code":"11560610","name":"영등포구 양평1동","share":0.0063,"foreign":132},"geometry":{"type":"MultiPolygon","coordinates":[[[[126.89004,37.53038],[126.89415,37.52921],[126.89263,37.52722],[126.89155,37.52276],[126.89138,37.52193],[126.89225,37.52074],[126.88536,37.52179],[126.88501,37.52059],[126.87981,37.52138],[126.88051,37.52523],[126.88173,37.52632],[126.88631,37.52806],[126.88848,37.53072],[126.89004,37.53038]]]]}},{"type":"Feature","properties":{"code":"11560620","name":"영등포구 양평2동","share":0.0068,"foreign":188},"geometry":{"type":"MultiPolygon","coordinates":[[[[126.899,37.54792],[126.90175,37.54513],[126.90218,37.54407],[126.90069,37.54287],[126.90093,37.54228],[126.90005,37.54182],[126.89878,37.54271],[126.89781,37.54254],[126.89652,37.54295],[126.89564,37.54182],[126.8943,37.54214],[126.90076,37.53762],[126.89415,37.52921],[126.89004,37.53038],[126.89054,37.5315],[126.8888,37.53206],[126.8888,37.53283],[126.89003,37.53329],[126.89025,37.53467],[126.88832,37.5368],[126.88552,37.54184],[126.88516,37.54359],[126.88071,37.54787],[126.87814,37.55155],[126.87799,37.55343],[126.8792,37.5532],[126.87932,37.55483],[126.88038,37.55618],[126.89063,37.55117],[126.899,37.54792]]]]}},{"type":"Feature","properties":{"code":"11560630","name":"영등포구 신길1동","share":0.008,"foreign":130},"geometry":{"type":"MultiPolygon","coordinates":[[[[126.92601,37.5161],[126.92352,37.51278],[126.92245,37.51013],[126.92206,37.508],[126.92055,37.50717],[126.91714,37.50622],[126.91612,37.50565],[126.91481,37.50779],[126.91374,37.51138],[126.91705,37.51217],[126.91884,37.51423],[126.91769,37.51505],[126.91669,37.51709],[126.91749,37.51945],[126.91974,37.51826],[126.92601,37.5161]]]]}},{"type":"Feature","properties":{"code":"11560650","name":"영등포구 신길3동","share":0.0041,"foreign":46},"geometry":{"type":"MultiPolygon","coordinates":[[[[126.91016,37.50383],[126.9075,37.50476],[126.90305,37.50421],[126.90048,37.50303],[126.89822,37.50533],[126.91029,37.51071],[126.91089,37.50887],[126.91104,37.50607],[126.91016,37.50383]]]]}},{"type":"Feature","properties":{"code":"11560660","name":"영등포구 신길4동","share":0.0084,"foreign":53},"geometry":{"type":"MultiPolygon","coordinates":[[[[126.91612,37.50565],[126.91545,37.50419],[126.91294,37.50431],[126.91022,37.50362],[126.91104,37.50607],[126.91089,37.50887],[126.91029,37.51071],[126.91374,37.51138],[126.91481,37.50779],[126.91612,37.50565]]]]}},{"type":"Feature","properties":{"code":"11560670","name":"영등포구 신길5동","share":0.0042,"foreign":38},"geometry":{"type":"MultiPolygon","coordinates":[[[[126.91016,37.50383],[126.91026,37.50203],[126.90919,37.50048],[126.90874,37.50018],[126.90817,37.49745],[126.90729,37.49715],[126.90374,37.49729],[126.90206,37.49843],[126.90102,37.49969],[126.90218,37.50143],[126.90048,37.50303],[126.90091,37.50329],[126.90305,37.50421],[126.9075,37.50476],[126.91016,37.50383]]]]}},{"type":"Feature","properties":{"code":"11560680","name":"영등포구 신길6동","share":0.0041,"foreign":68},"geometry":{"type":"MultiPolygon","coordinates":[[[[126.91545,37.50419],[126.91355,37.50176],[126.91263,37.50125],[126.91184,37.50016],[126.91555,37.50031],[126.9176,37.5019],[126.92026,37.50157],[126.92083,37.5014],[126.92019,37.4982],[126.91968,37.49769],[126.91837,37.49735],[126.91253,37.49639],[126.91182,37.4959],[126.90945,37.49259],[126.90817,37.49793],[126.90874,37.50018],[126.90919,37.50048],[126.91026,37.50203],[126.91022,37.50362],[126.91294,37.50431],[126.91545,37.50419]]]]}},{"type":"Feature","properties":{"code":"11560690","name":"영등포구 신길7동","share":0.003,"foreign":52},"geometry":{"type":"MultiPolygon","coordinates":[[[[126.92083,37.5014],[126.9176,37.5019],[126.91555,37.50031],[126.91185,37.50028],[126.91447,37.50284],[126.91545,37.50419],[126.91612,37.50565],[126.91714,37.50622],[126.92055,37.50717],[126.92206,37.508],[126.92245,37.51013],[126.92352,37.51278],[126.92516,37.5149],[126.92706,37.51393],[126.9271,37.513],[126.9254,37.51265],[126.92083,37.5014]]]]}},{"type":"Feature","properties":{"code":"11560700","name":"영등포구 대림1동","share":0.0082,"foreign":118},"geometry":{"type":"MultiPolygon","coordinates":[[[[126.90945,37.49259],[126.90633,37.48893],[126.90193,37.4924],[126.89993,37.49483],[126.90374,37.49729],[126.90729,37.49715],[126.90817,37.49745],[126.90945,37.49259]]]]}},{"type":"Feature","properties":{"code":"11560710","name":"영등포구 대림2동","share":0.0221,"foreign":362},"geometry":{"type":"MultiPolygon","coordinates":[[[[126.90633,37.48893],[126.90323,37.48499],[126.90045,37.48567],[126.8986,37.48673],[126.89742,37.48776],[126.89537,37.4921],[126.89993,37.49483],[126.90193,37.4924],[126.90633,37.48893]]]]}},{"type":"Feature","properties":{"code":"11560720","name":"영등포구 대림3동","share":0.0152,"foreign":337},"geometry":{"type":"MultiPolygon","coordinates":[[[[126.89822,37.50533],[126.90218,37.50143],[126.90102,37.49969],[126.90206,37.49843],[126.90374,37.49729],[126.89537,37.4921],[126.89345,37.49825],[126.89334,37.50252],[126.89386,37.50748],[126.89514,37.50815],[126.89822,37.50533]]]]}},{"type":"Feature","properties":{"code":"11560515","name":"영등포구 영등포본동","share":0.0215,"foreign":372},"geometry":{"type":"MultiPolygon","coordinates":[[[[126.91374,37.51138],[126.91029,37.51071],[126.91019,37.51254],[126.90762,37.51236],[126.90532,37.51043],[126.90191,37.51],[126.90062,37.51226],[126.89816,37.51145],[126.89779,37.51197],[126.904,37.51464],[126.90386,37.51493],[126.90597,37.51568],[126.9112,37.51697],[126.91666,37.51746],[126.91769,37.51505],[126.91884,37.51423],[126.91705,37.51217],[126.91374,37.51138]]]]}},{"type":"Feature","properties":{"code":"11560535","name":"영등포구 영등포동","share":0.0198,"foreign":1429},"geometry":{"type":"MultiPolygon","coordinates":[[[[126.9132,37.52442],[126.91602,37.52034],[126.91749,37.51945],[126.91666,37.51746],[126.9112,37.51697],[126.90597,37.51568],[126.90386,37.51493],[126.90256,37.51555],[126.90211,37.51623],[126.90107,37.5191],[126.901,37.52041],[126.90284,37.52612],[126.90547,37.53215],[126.9064,37.53235],[126.90651,37.53208],[126.9064,37.52778],[126.90701,37.52567],[126.90746,37.52558],[126.90889,37.52613],[126.91031,37.52633],[126.9114,37.5259],[126.91247,37.52409],[126.9132,37.52442]]]]}},{"type":"Feature","properties":{"code":"11560585","name":"영등포구 도림동","share":0.0059,"foreign":73},"geometry":{"type":"MultiPolygon","coordinates":[[[[126.91029,37.51071],[126.89822,37.50533],[126.89514,37.50815],[126.89297,37.50946],[126.90062,37.51226],[126.90191,37.51],[126.90532,37.51043],[126.90762,37.51236],[126.91019,37.51254],[126.91029,37.51071]]]]}},{"type":"Feature","properties":{"code":"11560605","name":"영등포구 문래동","share":0.0038,"foreign":156},"geometry":{"type":"MultiPolygon","coordinates":[[[[126.89225,37.52074],[126.89969,37.51949],[126.9011,37.51904],[126.90236,37.51582],[126.90289,37.51526],[126.90386,37.51493],[126.904,37.51464],[126.89779,37.51197],[126.89816,37.51145],[126.89297,37.50946],[126.89175,37.50987],[126.89068,37.51133],[126.88963,37.51209],[126.87947,37.51677],[126.87981,37.52138],[126.88501,37.52059],[126.88536,37.52179],[126.89225,37.52074]]]]}},{"type":"Feature","properties":{"code":"11590520","name":"동작구 노량진2동","share":0.0081,"foreign":124},"geometry":{"type":"MultiPolygon","coordinates":[[[[126.94059,37.50598],[126.93924,37.5054],[126.93835,37.50547],[126.93783,37.50611],[126.93629,37.50705],[126.93526,37.50704],[126.93438,37.51308],[126.93304,37.51453],[126.93304,37.51576],[126.9394,37.51614],[126.93913,37.51419],[126.94024,37.51324],[126.94171,37.50939],[126.94281,37.50986],[126.9438,37.5095],[126.94404,37.50886],[126.94243,37.5069],[126.9409,37.50679],[126.9403,37.50615],[126.94059,37.50598]]]]}},{"type":"Feature","properties":{"code":"11590530","name":"동작구 상도1동","share":0.0036,"foreign":125},"geometry":{"type":"MultiPolygon","coordinates":[[[[126.95398,37.50769],[126.95443,37.50678],[126.95387,37.50409],[126.95668,37.4993],[126.95755,37.49877],[126.96117,37.49778],[126.96298,37.49456],[126.96223,37.49415],[126.96124,37.49256],[126.9612,37.49339],[126.96023,37.49389],[126.95913,37.49387],[126.95868,37.49293],[126.95737,37.49181],[126.95404,37.49104],[126.9534,37.49116],[126.94852,37.49368],[126.94739,37.49391],[126.94785,37.49608],[126.94827,37.49685],[126.94828,37.4987],[126.94788,37.49926],[126.94791,37.50039],[126.94645,37.50226],[126.94795,37.50412],[126.94927,37.50489],[126.94981,37.50559],[126.95035,37.50645],[126.95031,37.50779],[126.95374,37.50793],[126.95398,37.50769]]]]}},{"type":"Feature","properties":{"code":"11590540","name":"동작구 상도2동","share":0.0016,"foreign":29},"geometry":{"type":"MultiPolygon","coordinates":[[[[126.94788,37.49926],[126.93978,37.50046],[126.93636,37.50327],[126.93317,37.50364],[126.93258,37.5044],[126.93271,37.50562],[126.93312,37.50565],[126.93347,37.50524],[126.93394,37.50521],[126.93447,37.50561],[126.9349,37.50677],[126.9359,37.50712],[126.93783,37.50611],[126.93822,37.50552],[126.93924,37.5054],[126.94059,37.50598],[126.94249,37.50633],[126.94732,37.50666],[126.94978,37.50715],[126.95031,37.50779],[126.95035,37.50645],[126.94981,37.50559],[126.94927,37.50489],[126.94795,37.50412],[126.94645,37.50226],[126.94791,37.50039],[126.94788,37.49926]]]]}},{"type":"Feature","properties":{"code":"11590550","name":"동작구 상도3동","share":0.0026,"foreign":36},"geometry":{"type":"MultiPolygon","coordinates":[[[[126.93636,37.50327],[126.93194,37.50052],[126.93566,37.49651],[126.93972,37.49336],[126.94165,37.49225],[126.93951,37.49088],[126.93915,37.49158],[126.93112,37.49342],[126.92987,37.494],[126.92939,37.49535],[126.9297,37.49698],[126.93017,37.49784],[126.92973,37.49781],[126.92858,37.49887],[126.93038,37.49973],[126.92987,37.5006],[126.92889,37.5008],[126.92837,37.50332],[126.93206,37.50378],[126.93266,37.50409],[126.93317,37.50364],[126.93636,37.50327]]]]}},{"type":"Feature","properties":{"code":"11590560","name":"동작구 상도4동","share":0.0027,"foreign":43},"geometry":{"type":"MultiPolygon","coordinates":[[[[126.94788,37.49926],[126.94828,37.4987],[126.94828,37.49697],[126.94785,37.49608],[126.94739,37.49391],[126.94339,37.49208],[126.94165,37.49225],[126.93889,37.49396],[126.93566,37.49651],[126.93194,37.50052],[126.93636,37.50327],[126.93978,37.50046],[126.94788,37.49926]]]]}},{"type":"Feature","properties":{"code":"11590620","name":"동작구 사당1동","share":0.0038,"foreign":71},"geometry":{"type":"MultiPolygon","coordinates":[[[[126.98207,37.48481],[126.98172,37.47636],[126.97939,37.47662],[126.97692,37.47657],[126.97049,37.47537],[126.97019,37.47663],[126.97433,37.48043],[126.97471,37.48042],[126.97559,37.4815],[126.97569,37.48329],[126.97918,37.48439],[126.98207,37.48481]]]]}},{"type":"Feature","properties":{"code":"11590640","name":"동작구 사당3동","share":0.0016,"foreign":22},"geometry":{"type":"MultiPolygon","coordinates":[[[[126.97918,37.48439],[126.97569,37.48329],[126.97456,37.48329],[126.97004,37.48508],[126.96637,37.48801],[126.96223,37.49415],[126.96298,37.49456],[126.96504,37.49321],[126.96806,37.49396],[126.97241,37.49326],[126.9727,37.49167],[126.97572,37.48804],[126.97671,37.48709],[126.97858,37.48676],[126.97918,37.48439]]]]}},{"type":"Feature","properties":{"code":"11590650","name":"동작구 사당4동","share":0.0058,"foreign":65},"geometry":{"type":"MultiPolygon","coordinates":[[[[126.97569,37.48329],[126.97559,37.4815],[126.97471,37.48042],[126.97433,37.48043],[126.97019,37.47663],[126.9688,37.47665],[126.96782,37.47779],[126.96532,37.47956],[126.96705,37.48137],[126.96843,37.48201],[126.96966,37.48212],[126.97108,37.48447],[126.97084,37.48478],[126.97456,37.48329],[126.97569,37.48329]]]]}},{"type":"Feature","properties":{"code":"11590651","name":"동작구 사당5동","share":0.0015,"foreign":13},"geometry":{"type":"MultiPolygon","coordinates":[[[[126.97084,37.48478],[126.97108,37.48447],[126.96966,37.48212],[126.96843,37.48201],[126.96705,37.48137],[126.96532,37.47956],[126.96444,37.48022],[126.96134,37.48349],[126.96215,37.48524],[126.96214,37.48647],[126.96107,37.49113],[126.96124,37.49256],[126.96223,37.49415],[126.96637,37.48801],[126.96997,37.48513],[126.97084,37.48478]]]]}},{"type":"Feature","properties":{"code":"11590660","name":"동작구 대방동","share":0.0035,"foreign":144},"geometry":{"type":"MultiPolygon","coordinates":[[[[126.93304,37.51576],[126.93304,37.51453],[126.93438,37.51308],[126.93526,37.50704],[126.9349,37.50677],[126.93447,37.50561],[126.93401,37.50524],[126.93347,37.50524],[126.93312,37.50565],[126.93271,37.50562],[126.93266,37.50409],[126.93206,37.50378],[126.92837,37.50332],[126.92889,37.5008],[126.93011,37.5004],[126.9303,37.49955],[126.92858,37.49887],[126.92656,37.49923],[126.9222,37.49787],[126.92023,37.49851],[126.92083,37.5014],[126.9254,37.51265],[126.9271,37.513],[126.92706,37.51393],[126.92516,37.5149],[126.92601,37.5161],[126.93215,37.51565],[126.93304,37.51576]]]]}},{"type":"Feature","properties":{"code":"11590670","name":"동작구 신대방1동","share":0.0066,"foreign":118},"geometry":{"type":"MultiPolygon","coordinates":[[[[126.91597,37.48876],[126.91324,37.48721],[126.90777,37.48542],[126.90596,37.48499],[126.90323,37.48499],[126.91029,37.49355],[126.91182,37.4959],[126.91253,37.49639],[126.91424,37.49658],[126.9146,37.49305],[126.91597,37.48876]]]]}},{"type":"Feature","properties":{"code":"11590680","name":"동작구 신대방2동","share":0.0023,"foreign":52},"geometry":{"type":"MultiPolygon","coordinates":[[[[126.92858,37.49887],[126.92973,37.49781],[126.93017,37.49784],[126.9297,37.49698],[126.92939,37.49564],[126.92987,37.494],[126.9281,37.49494],[126.92737,37.49493],[126.9266,37.49413],[126.9243,37.48996],[126.91889,37.48956],[126.91597,37.48876],[126.9146,37.49305],[126.91424,37.49658],[126.91968,37.49769],[126.92023,37.49851],[126.9222,37.49787],[126.92656,37.49923],[126.92858,37.49887]]]]}},{"type":"Feature","properties":{"code":"11590605","name":"동작구 흑석동","share":0.0053,"foreign":154},"geometry":{"type":"MultiPolygon","coordinates":[[[[126.97405,37.50733],[126.97171,37.50425],[126.96878,37.50351],[126.96652,37.50191],[126.962,37.49743],[126.95755,37.49877],[126.95675,37.49921],[126.95387,37.50409],[126.95443,37.50678],[126.95398,37.50769],[126.95429,37.50766],[126.95709,37.50987],[126.96174,37.51283],[126.96585,37.51051],[126.97405,37.50733]]]]}},{"type":"Feature","properties":{"code":"11590510","name":"동작구 노량진1동","share":0.0029,"foreign":101},"geometry":{"type":"MultiPolygon","coordinates":[[[[126.9572,37.51541],[126.96174,37.51283],[126.95709,37.50987],[126.95429,37.50766],[126.95374,37.50793],[126.95031,37.50779],[126.94978,37.50715],[126.94732,37.50666],[126.94249,37.50633],[126.94059,37.50598],[126.9403,37.50615],[126.9409,37.50679],[126.9423,37.50681],[126.94404,37.50886],[126.9438,37.5095],[126.94281,37.50986],[126.94171,37.50939],[126.94024,37.51324],[126.93913,37.51419],[126.9394,37.51614],[126.94956,37.51781],[126.9572,37.51541]]]]}},{"type":"Feature","properties":{"code":"11590630","name":"동작구 사당2동","share":0.0023,"foreign":67},"geometry":{"type":"MultiPolygon","coordinates":[[[[126.98013,37.50649],[126.98032,37.504],[126.9807,37.50274],[126.9862,37.49904],[126.98695,37.49863],[126.98784,37.49861],[126.98775,37.49824],[126.98625,37.49858],[126.98477,37.49928],[126.98349,37.49755],[126.9829,37.49635],[126.98207,37.48481],[126.97918,37.48439],[126.97858,37.48676],[126.97671,37.48709],[126.97572,37.48804],[126.9727,37.49167],[126.97241,37.49326],[126.96806,37.49396],[126.96504,37.49321],[126.96298,37.49456],[126.96117,37.49778],[126.962,37.49743],[126.96652,37.50191],[126.96878,37.50351],[126.97171,37.50425],[126.97405,37.50733],[126.98013,37.50649]]]]}},{"type":"Feature","properties":{"code":"11620525","name":"관악구 보라매동","share":0.0041,"foreign":72},"geometry":{"type":"MultiPolygon","coordinates":[[[[126.92987,37.494],[126.93112,37.49342],[126.93915,37.49158],[126.93951,37.49088],[126.93868,37.48822],[126.93892,37.48783],[126.93938,37.48809],[126.94014,37.48771],[126.93933,37.48621],[126.93491,37.4864],[126.92733,37.48954],[126.9243,37.48996],[126.9266,37.49413],[126.92737,37.49493],[126.9281,37.49494],[126.92987,37.494]]]]}},{"type":"Feature","properties":{"code":"11620545","name":"관악구 청림동","share":0.0017,"foreign":15},"geometry":{"type":"MultiPolygon","coordinates":[[[[126.96124,37.49256],[126.96107,37.49113],[126.96207,37.48729],[126.96215,37.48524],[126.95689,37.48638],[126.95797,37.48769],[126.95805,37.4884],[126.95611,37.49158],[126.95737,37.49181],[126.95868,37.49293],[126.95913,37.49387],[126.96023,37.49389],[126.9612,37.49339],[126.96124,37.49256]]]]}},{"type":"Feature","properties":{"code":"11620575","name":"관악구 행운동","share":0.0031,"foreign":62},"geometry":{"type":"MultiPolygon","coordinates":[[[[126.96215,37.48524],[126.96134,37.48349],[126.96444,37.48022],[126.96782,37.47779],[126.9688,37.47665],[126.97019,37.47663],[126.97049,37.47537],[126.96888,37.47531],[126.96723,37.47562],[126.95277,37.48129],[126.95689,37.48638],[126.96215,37.48524]]]]}},{"type":"Feature","properties":{"code":"11620585","name":"관악구 낙성대동","share":0.0076,"foreign":181},"geometry":{"type":"MultiPolygon","coordinates":[[[[126.95277,37.48129],[126.96231,37.47759],[126.96152,37.47624],[126.96139,37.47535],[126.96244,37.47373],[126.96338,37.47168],[126.96268,37.46972],[126.96331,37.46867],[126.96453,37.46756],[126.96572,37.46432],[126.97013,37.46127],[126.9703,37.46094],[126.96943,37.45932],[126.9687,37.45895],[126.96639,37.45638],[126.96572,37.45503],[126.96329,37.45518],[126.96155,37.45555],[126.9596,37.45684],[126.95823,37.45783],[126.95767,37.45853],[126.95565,37.46212],[126.9555,37.46257],[126.95596,37.46527],[126.9535,37.47081],[126.95253,37.4711],[126.95311,37.47281],[126.95255,37.48046],[126.95226,37.48135],[126.95277,37.48129]]]]}},{"type":"Feature","properties":{"code":"11620615","name":"관악구 중앙동","share":0.003,"foreign":35},"geometry":{"type":"MultiPolygon","coordinates":[[[[126.9563,37.48566],[126.95277,37.48129],[126.94634,37.48197],[126.94695,37.48693],[126.9563,37.48566]]]]}},{"type":"Feature","properties":{"code":"11620625","name":"관악구 인헌동","share":0.003,"foreign":54},"geometry":{"type":"MultiPolygon","coordinates":[[[[126.97049,37.47537],[126.97157,37.47313],[126.97132,37.46981],[126.97059,37.46856],[126.96571,37.46679],[126.96414,37.46784],[126.96268,37.46972],[126.96338,37.47168],[126.96244,37.47373],[126.96139,37.47535],[126.96152,37.47624],[126.96231,37.47759],[126.96348,37.47696],[126.96728,37.47561],[126.96888,37.47531],[126.97049,37.47537]]]]}},{"type":"Feature","properties":{"code":"11620630","name":"관악구 남현동","share":0.002,"foreign":41},"geometry":{"type":"MultiPolygon","coordinates":[[[[126.98172,37.47636],[126.98186,37.4747],[126.98254,37.47277],[126.98323,37.47157],[126.98453,37.46974],[126.98686,37.46785],[126.98759,37.46694],[126.98816,37.46552],[126.98823,37.46387],[126.98747,37.46041],[126.98764,37.4594],[126.98862,37.45814],[126.98236,37.45516],[126.97398,37.4476],[126.97081,37.44746],[126.9687,37.44679],[126.96974,37.44786],[126.96981,37.4493],[126.96572,37.45503],[126.96639,37.45638],[126.9687,37.45895],[126.96943,37.45932],[126.9703,37.46094],[126.97013,37.46127],[126.96572,37.46432],[126.96453,37.46756],[126.96571,37.46679],[126.97059,37.46856],[126.97132,37.46981],[126.97157,37.47313],[126.97049,37.47537],[126.97692,37.47657],[126.97939,37.47662],[126.98172,37.47636]]]]}},{"type":"Feature","properties":{"code":"11620645","name":"관악구 서원동","share":0.0062,"foreign":108},"geometry":{"type":"MultiPolygon","coordinates":[[[[126.93785,37.48411],[126.93785,37.48332],[126.93707,37.48227],[126.93574,37.48143],[126.93564,37.4811],[126.93695,37.47958],[126.93819,37.4792],[126.93948,37.47812],[126.93823,37.47727],[126.93522,37.47628],[126.93021,37.47534],[126.93181,37.47875],[126.92666,37.48383],[126.9342,37.48484],[126.93785,37.48411]]]]}},{"type":"Feature","properties":{"code":"11620655","name":"관악구 신원동","share":0.0065,"foreign":81},"geometry":{"type":"MultiPolygon","coordinates":[[[[126.93021,37.47534],[126.92659,37.47446],[126.92418,37.47717],[126.92301,37.47887],[126.92157,37.48312],[126.92666,37.48383],[126.93181,37.47875],[126.93021,37.47534]]]]}},{"type":"Feature","properties":{"code":"11620665","name":"관악구 서림동","share":0.0042,"foreign":59},"geometry":{"type":"MultiPolygon","coordinates":[[[[126.94655,37.47275],[126.94675,37.47242],[126.94679,37.47005],[126.94545,37.46946],[126.94474,37.46997],[126.93502,37.47139],[126.93414,37.47179],[126.93353,37.47307],[126.92944,37.47458],[126.92941,37.47505],[126.93522,37.47628],[126.93823,37.47727],[126.93948,37.47812],[126.94011,37.47729],[126.94314,37.47512],[126.94361,37.47541],[126.94655,37.47275]]]]}},{"type":"Feature","properties":{"code":"11620685","name":"관악구 신사동","share":0.0086,"foreign":131},"geometry":{"type":"MultiPolygon","coordinates":[[[[126.92618,37.48378],[126.91454,37.48181],[126.91332,37.48725],[126.91597,37.48876],[126.91889,37.48956],[126.91979,37.48944],[126.92095,37.48903],[126.92215,37.48809],[126.92329,37.48648],[126.92618,37.48378]]]]}},{"type":"Feature","properties":{"code":"11620695","name":"관악구 신림동","share":0.0137,"foreign":360},"geometry":{"type":"MultiPolygon","coordinates":[[[[126.93491,37.4864],[126.9342,37.48484],[126.92618,37.48378],[126.92329,37.48648],[126.92165,37.48853],[126.92095,37.48903],[126.91889,37.48956],[126.9243,37.48996],[126.92733,37.48954],[126.93491,37.4864]]]]}},{"type":"Feature","properties":{"code":"11620715","name":"관악구 난향동","share":0.0007,"foreign":4},"geometry":{"type":"MultiPolygon","coordinates":[[[[126.92298,37.46346],[126.92284,37.46299],[126.92409,37.45971],[126.92247,37.45725],[126.91841,37.45716],[126.91483,37.45767],[126.91415,37.45809],[126.91286,37.46397],[126.91375,37.46528],[126.91508,37.46616],[126.919,37.46657],[126.92298,37.46346]]]]}},{"type":"Feature","properties":{"code":"11620725","name":"관악구 조원동","share":0.0103,"foreign":515},"geometry":{"type":"MultiPolygon","coordinates":[[[[126.91454,37.48181],[126.90067,37.47933],[126.89947,37.48034],[126.90323,37.48499],[126.90596,37.48499],[126.91332,37.48725],[126.91454,37.48181]]]]}},{"type":"Feature","properties":{"code":"11620735","name":"관악구 대학동","share":0.0083,"foreign":321},"geometry":{"type":"MultiPolygon","coordinates":[[[[126.95253,37.4711],[126.9535,37.47081],[126.95564,37.46611],[126.95596,37.46527],[126.9555,37.46257],[126.95767,37.45853],[126.95823,37.45783],[126.96155,37.45555],[126.96329,37.45518],[126.96572,37.45503],[126.96973,37.44951],[126.96974,37.44786],[126.9687,37.44679],[126.96557,37.4461],[126.96441,37.44558],[126.96383,37.44422],[126.96411,37.44247],[126.9638,37.44077],[126.96302,37.44031],[126.95998,37.44026],[126.95925,37.4392],[126.95525,37.43859],[126.95259,37.43921],[126.95102,37.43842],[126.94822,37.43852],[126.94492,37.43704],[126.9414,37.43741],[126.94021,37.43572],[126.93864,37.43605],[126.93727,37.43845],[126.93785,37.44018],[126.93537,37.44285],[126.93051,37.44529],[126.93026,37.44633],[126.93033,37.44739],[126.93383,37.44987],[126.93551,37.45176],[126.93836,37.45666],[126.93853,37.45754],[126.9386,37.45928],[126.9376,37.46127],[126.93429,37.46499],[126.93227,37.46596],[126.93144,37.46577],[126.93157,37.46718],[126.93414,37.47179],[126.93502,37.47139],[126.93681,37.47106],[126.94474,37.46997],[126.94545,37.46946],[126.94679,37.47005],[126.94675,37.47242],[126.94655,37.47275],[126.94755,37.47249],[126.94915,37.47247],[126.95099,37.47127],[126.95253,37.4711]]]]}},{"type":"Feature","properties":{"code":"11620605","name":"관악구 은천동","share":0.0049,"foreign":111},"geometry":{"type":"MultiPolygon","coordinates":[[[[126.94339,37.49208],[126.94497,37.49153],[126.9461,37.49014],[126.9465,37.48782],[126.94695,37.48693],[126.94634,37.48197],[126.94301,37.48231],[126.93785,37.48411],[126.9342,37.48484],[126.93491,37.4864],[126.93933,37.48621],[126.94014,37.48771],[126.93938,37.48809],[126.93892,37.48783],[126.93868,37.48822],[126.93951,37.49088],[126.94165,37.49225],[126.94339,37.49208]]]]}},{"type":"Feature","properties":{"code":"11620565","name":"관악구 성현동","share":0.0018,"foreign":29},"geometry":{"type":"MultiPolygon","coordinates":[[[[126.95611,37.49158],[126.95805,37.4884],[126.95797,37.48769],[126.9563,37.48566],[126.94695,37.48693],[126.9465,37.48782],[126.9461,37.49014],[126.94497,37.49153],[126.94339,37.49208],[126.94739,37.49391],[126.94852,37.49368],[126.95346,37.49113],[126.95404,37.49104],[126.95611,37.49158]]]]}},{"type":"Feature","properties":{"code":"11620595","name":"관악구 청룡동","share":0.004,"foreign":144},"geometry":{"type":"MultiPolygon","coordinates":[[[[126.94634,37.48197],[126.95226,37.48135],[126.95255,37.48046],[126.95311,37.47326],[126.95253,37.4711],[126.95099,37.47127],[126.94915,37.47247],[126.94755,37.47249],[126.94655,37.47275],[126.94361,37.47541],[126.94325,37.47506],[126.94309,37.47515],[126.94011,37.47729],[126.93819,37.4792],[126.93695,37.47958],[126.93573,37.48082],[126.93574,37.48143],[126.93675,37.48198],[126.93785,37.48332],[126.93785,37.48411],[126.94301,37.48231],[126.94634,37.48197]]]]}},{"type":"Feature","properties":{"code":"11620775","name":"관악구 난곡동","share":0.0018,"foreign":25},"geometry":{"type":"MultiPolygon","coordinates":[[[[126.92659,37.47446],[126.9267,37.47295],[126.92601,37.468],[126.92469,37.46656],[126.92344,37.46563],[126.92295,37.46451],[126.92298,37.46346],[126.919,37.46657],[126.91508,37.46616],[126.91428,37.46941],[126.91444,37.47007],[126.915,37.47154],[126.9178,37.474],[126.91952,37.47458],[126.92418,37.47717],[126.92659,37.47446]]]]}},{"type":"Feature","properties":{"code":"11620745","name":"관악구 삼성동","share":0.0027,"foreign":41},"geometry":{"type":"MultiPolygon","coordinates":[[[[126.93414,37.47179],[126.93157,37.46718],[126.93144,37.46577],[126.93227,37.46596],[126.93429,37.46499],[126.9376,37.46127],[126.9386,37.45928],[126.93853,37.45754],[126.93836,37.45666],[126.93551,37.45176],[126.93383,37.44987],[126.93103,37.44782],[126.92707,37.45169],[126.92306,37.45463],[126.92264,37.45554],[126.92247,37.45725],[126.92409,37.45971],[126.92284,37.46299],[126.92295,37.46451],[126.92344,37.46563],[126.92469,37.46656],[126.92601,37.468],[126.9267,37.47295],[126.92659,37.47446],[126.92941,37.47505],[126.92944,37.47458],[126.93353,37.47307],[126.93414,37.47179]]]]}},{"type":"Feature","properties":{"code":"11620765","name":"관악구 미성동","share":0.005,"foreign":88},"geometry":{"type":"MultiPolygon","coordinates":[[[[126.92418,37.47717],[126.91952,37.47458],[126.9178,37.474],[126.915,37.47154],[126.91428,37.46941],[126.91508,37.46616],[126.91375,37.46528],[126.91244,37.46568],[126.9124,37.46601],[126.91162,37.46663],[126.90823,37.47263],[126.91093,37.47382],[126.91194,37.47691],[126.91162,37.47817],[126.90949,37.4782],[126.90882,37.47886],[126.90882,37.47944],[126.90972,37.48095],[126.92157,37.48312],[126.92301,37.47887],[126.92418,37.47717]]]]}},{"type":"Feature","properties":{"code":"11650510","name":"서초구 서초1동","share":0.0104,"foreign":368},"geometry":{"type":"MultiPolygon","coordinates":[[[[127.02701,37.48051],[127.02551,37.4808],[127.02453,37.48059],[127.02412,37.48033],[127.02404,37.47936],[127.02178,37.47753],[127.01983,37.47687],[127.01933,37.47869],[127.01935,37.48005],[127.01873,37.48162],[127.01799,37.48223],[127.01493,37.48721],[127.01393,37.49216],[127.01402,37.49358],[127.02128,37.49601],[127.02701,37.48051]]]]}},{"type":"Feature","properties":{"code":"11650520","name":"서초구 서초2동","share":0.012,"foreign":730},"geometry":{"type":"MultiPolygon","coordinates":[[[[127.03162,37.48954],[127.03397,37.4848],[127.03363,37.48401],[127.03436,37.48278],[127.03252,37.48101],[127.03041,37.4802],[127.02941,37.48046],[127.02866,37.48106],[127.02701,37.48051],[127.02128,37.49601],[127.02764,37.49796],[127.03162,37.48954]]]]}},{"type":"Feature","properties":{"code":"11650530","name":"서초구 서초3동","share":0.0115,"foreign":1047},"geometry":{"type":"MultiPolygon","coordinates":[[[[127.01576,37.49432],[127.01402,37.49358],[127.0139,37.49328],[127.01458,37.48837],[127.01493,37.48721],[127.01733,37.48326],[127.01799,37.48223],[127.01873,37.48162],[127.01935,37.48005],[127.01933,37.47869],[127.01983,37.47687],[127.01807,37.4766],[127.01684,37.47597],[127.01359,37.47318],[127.01031,37.47226],[127.00909,37.47485],[127.00664,37.47822],[127.00542,37.47902],[127.0041,37.47855],[127.00267,37.48085],[127.00296,37.48127],[127.00189,37.4828],[127.00083,37.48366],[127.00083,37.48446],[127.00028,37.48565],[127.00118,37.48696],[127.0008,37.48992],[127.00027,37.49195],[127.00291,37.49395],[127.00361,37.49483],[127.01054,37.49876],[127.01245,37.49905],[127.01355,37.49434],[127.01414,37.49402],[127.01576,37.49432]]]]}},{"type":"Feature","properties":{"code":"11650531","name":"서초구 서초4동","share":0.0265,"foreign":1317},"geometry":{"type":"MultiPolygon","coordinates":[[[[127.02764,37.49796],[127.01576,37.49432],[127.01414,37.49402],[127.01355,37.49434],[127.01238,37.49937],[127.01785,37.50078],[127.01867,37.50283],[127.0245,37.50452],[127.02764,37.49796]]]]}},{"type":"Feature","properties":{"code":"11650540","name":"서초구 잠원동","share":0.012,"foreign":465},"geometry":{"type":"MultiPolygon","coordinates":[[[[127.01944,37.51599],[127.02131,37.51117],[127.01162,37.50831],[127.01166,37.50916],[127.00861,37.51328],[127.00733,37.51258],[127.00676,37.51353],[127.00889,37.51565],[127.00748,37.51678],[127.00443,37.52026],[127.00797,37.52459],[127.01187,37.52784],[127.0146,37.52551],[127.01761,37.52209],[127.01903,37.51824],[127.01944,37.51599]]]]}},{"type":"Feature","properties":{"code":"11650550","name":"서초구 반포본동","share":0.0026,"foreign":21},"geometry":{"type":"MultiPolygon","coordinates":[[[[126.99062,37.51303],[126.9925,37.50971],[126.99186,37.508],[126.99221,37.50643],[126.99185,37.50565],[126.9919,37.50507],[126.9929,37.5029],[126.99392,37.50286],[126.99452,37.50148],[126.9911,37.49951],[126.98823,37.49867],[126.98695,37.49863],[126.9807,37.50274],[126.98032,37.504],[126.98013,37.50649],[126.98568,37.50663],[126.99062,37.51303]]]]}},{"type":"Feature","properties":{"code":"11650560","name":"서초구 반포1동","share":0.01,"foreign":381},"geometry":{"type":"MultiPolygon","coordinates":[[[[127.02447,37.50457],[127.01867,37.50283],[127.01785,37.50078],[127.01238,37.49937],[127.01156,37.50256],[127.00911,37.50726],[127.00975,37.50778],[127.02137,37.51103],[127.02447,37.50457]]]]}},{"type":"Feature","properties":{"code":"11650570","name":"서초구 반포2동","share":0.0058,"foreign":149},"geometry":{"type":"MultiPolygon","coordinates":[[[[127.00093,37.50527],[127.00306,37.50249],[127.00295,37.50195],[126.994,37.4984],[126.99218,37.49816],[126.98775,37.49824],[126.98784,37.49861],[126.9911,37.49951],[126.99452,37.50148],[126.99392,37.50286],[126.9929,37.5029],[126.9919,37.50507],[126.99185,37.50565],[126.99221,37.50643],[126.99186,37.508],[126.9925,37.50971],[126.99062,37.51303],[126.99594,37.51574],[127.00093,37.50527]]]]}},{"type":"Feature","properties":{"code":"11650580","name":"서초구 반포3동","share":0.0048,"foreign":118},"geometry":{"type":"MultiPolygon","coordinates":[[[[127.01162,37.50831],[127.00093,37.50527],[126.99594,37.51574],[127.00443,37.52026],[127.00748,37.51678],[127.00889,37.51565],[127.00676,37.51353],[127.00733,37.51258],[127.00861,37.51328],[127.01166,37.50916],[127.01162,37.50831]]]]}},{"type":"Feature","properties":{"code":"11650581","name":"서초구 반포4동","share":0.014,"foreign":793},"geometry":{"type":"MultiPolygon","coordinates":[[[[127.01238,37.49937],[127.01245,37.49905],[127.01054,37.49876],[127.00965,37.4984],[127.00361,37.49483],[127.00291,37.49395],[127.00027,37.49195],[126.99725,37.49368],[126.99546,37.49402],[126.99533,37.49476],[126.99491,37.49533],[126.99505,37.49577],[126.99485,37.49605],[126.99378,37.49617],[126.99361,37.49601],[126.99295,37.49634],[126.99276,37.49691],[126.99125,37.49725],[126.99071,37.49788],[126.99071,37.49816],[126.99287,37.49818],[126.99484,37.49867],[127.00295,37.50195],[127.00306,37.50249],[127.00093,37.50527],[127.00975,37.50778],[127.00911,37.50726],[127.01156,37.50256],[127.01238,37.49937]]]]}},{"type":"Feature","properties":{"code":"11650590","name":"서초구 방배본동","share":0.0032,"foreign":53},"geometry":{"type":"MultiPolygon","coordinates":[[[[126.98775,37.49824],[126.99071,37.49816],[126.99092,37.49751],[126.99276,37.49691],[126.99295,37.49634],[126.99361,37.49601],[126.99378,37.49617],[126.99485,37.49605],[126.99505,37.49577],[126.99491,37.49533],[126.99533,37.49476],[126.99546,37.49402],[126.99229,37.49355],[126.9855,37.49088],[126.98265,37.49089],[126.9829,37.49635],[126.98349,37.49755],[126.98477,37.49928],[126.98625,37.49858],[126.98775,37.49824]]]]}},{"type":"Feature","properties":{"code":"11650600","name":"서초구 방배1동","share":0.0125,"foreign":285},"geometry":{"type":"MultiPolygon","coordinates":[[[[127.00215,37.4823],[126.99627,37.48103],[126.99364,37.48018],[126.98963,37.48644],[127.0008,37.48992],[127.00118,37.48696],[127.00028,37.48565],[127.00083,37.48446],[127.00083,37.48366],[127.00189,37.4828],[127.00215,37.4823]]]]}},{"type":"Feature","properties":{"code":"11650610","name":"서초구 방배2동","share":0.0025,"foreign":63},"geometry":{"type":"MultiPolygon","coordinates":[[[[126.99364,37.48018],[126.99029,37.47909],[126.9866,37.47712],[126.98568,37.47461],[126.98595,37.47277],[126.98681,37.47118],[126.99475,37.46882],[126.99628,37.46672],[126.99646,37.4648],[126.99722,37.46394],[126.99696,37.4625],[126.99683,37.46218],[126.98862,37.45814],[126.98764,37.4594],[126.98747,37.46041],[126.98823,37.46387],[126.98816,37.46552],[126.98759,37.46694],[126.98686,37.46785],[126.98453,37.46974],[126.98254,37.47277],[126.98186,37.4747],[126.98161,37.47715],[126.98208,37.48539],[126.98963,37.48644],[126.99364,37.48018]]]]}},{"type":"Feature","properties":{"code":"11650620","name":"서초구 방배3동","share":0.0119,"foreign":241},"geometry":{"type":"MultiPolygon","coordinates":[[[[127.01031,37.47226],[127.00968,37.4716],[127.00447,37.46928],[127.00342,37.46726],[126.99975,37.46716],[126.99628,37.46672],[126.99475,37.46882],[126.98681,37.47118],[126.98595,37.47277],[126.98568,37.47461],[126.9866,37.47712],[126.99,37.47895],[126.99627,37.48103],[127.00215,37.4823],[127.00296,37.48127],[127.00267,37.48085],[127.0041,37.47855],[127.00542,37.47902],[127.00664,37.47822],[127.00909,37.47485],[127.01031,37.47226]]]]}},{"type":"Feature","properties":{"code":"11650621","name":"서초구 방배4동","share":0.0031,"foreign":79},"geometry":{"type":"MultiPolygon","coordinates":[[[[127.00027,37.49195],[127.0008,37.48992],[126.98963,37.48644],[126.98208,37.48539],[126.98265,37.49089],[126.9855,37.49088],[126.99229,37.49355],[126.99546,37.49402],[126.99725,37.49368],[127.00027,37.49195]]]]}},{"type":"Feature","properties":{"code":"11650651","name":"서초구 양재1동","share":0.0074,"foreign":517},"geometry":{"type":"MultiPolygon","coordinates":[[[[127.04394,37.47971],[127.04141,37.47667],[127.03932,37.47471],[127.03378,37.4729],[127.0308,37.47037],[127.02897,37.46785],[127.02986,37.46545],[127.03008,37.46418],[127.02986,37.46345],[127.0261,37.45851],[127.02053,37.45617],[127.01617,37.45537],[127.01106,37.45539],[127.00516,37.46306],[127.00417,37.46478],[127.00342,37.46726],[127.00447,37.46928],[127.00968,37.4716],[127.01031,37.47226],[127.01359,37.47318],[127.01684,37.47597],[127.01807,37.4766],[127.02028,37.47687],[127.02178,37.47753],[127.02404,37.47936],[127.02412,37.48033],[127.02453,37.48059],[127.02551,37.4808],[127.02701,37.48051],[127.02866,37.48106],[127.02941,37.48046],[127.03041,37.4802],[127.03252,37.48101],[127.03436,37.48278],[127.03363,37.48401],[127.03397,37.4848],[127.04135,37.48557],[127.04394,37.47971]]]]}},{"type":"Feature","properties":{"code":"11650652","name":"서초구 양재2동","share":0.0058,"foreign":277},"geometry":{"type":"MultiPolygon","coordinates":[[[[127.04958,37.47049],[127.04303,37.46562],[127.04536,37.46347],[127.04582,37.45934],[127.04637,37.45845],[127.04948,37.45585],[127.0507,37.45384],[127.0505,37.45307],[127.05087,37.45205],[127.05614,37.44697],[127.05993,37.4412],[127.06146,37.44057],[127.06354,37.43791],[127.06391,37.43684],[127.06396,37.43574],[127.06311,37.43361],[127.06316,37.42971],[127.05789,37.43014],[127.05459,37.42941],[127.05089,37.42965],[127.04987,37.43031],[127.04747,37.43087],[127.04724,37.43197],[127.04634,37.43355],[127.04472,37.4343],[127.0441,37.43535],[127.04097,37.43817],[127.03991,37.4385],[127.03731,37.43849],[127.0358,37.43927],[127.03541,37.44117],[127.03681,37.44215],[127.03809,37.44441],[127.03837,37.44554],[127.03788,37.44914],[127.03583,37.45755],[127.03516,37.45762],[127.03492,37.45787],[127.03343,37.46108],[127.03473,37.46385],[127.03314,37.46502],[127.03127,37.46578],[127.02986,37.46545],[127.02897,37.46785],[127.0308,37.47037],[127.03378,37.4729],[127.03932,37.47471],[127.04141,37.47667],[127.04394,37.47971],[127.04503,37.47729],[127.05106,37.47149],[127.04958,37.47049]]]]}},{"type":"Feature","properties":{"code":"11650660","name":"서초구 내곡동","share":0.0042,"foreign":102},"geometry":{"type":"MultiPolygon","coordinates":[[[[127.08516,37.47527],[127.08449,37.47287],[127.0852,37.47156],[127.08621,37.47036],[127.09336,37.4644],[127.09502,37.46366],[127.096,37.4625],[127.09632,37.46143],[127.09587,37.46106],[127.09463,37.45878],[127.09512,37.4583],[127.09428,37.45652],[127.09214,37.45362],[127.09096,37.45298],[127.08969,37.4512],[127.08832,37.44864],[127.08799,37.44506],[127.08543,37.44494],[127.08394,37.44382],[127.08257,37.44146],[127.08158,37.441],[127.081,37.44096],[127.07734,37.44181],[127.07633,37.44227],[127.07242,37.44235],[127.07192,37.44209],[127.07165,37.4418],[127.07197,37.44001],[127.07338,37.43934],[127.07263,37.43639],[127.07143,37.4352],[127.07046,37.43006],[127.06816,37.43058],[127.06675,37.43013],[127.06601,37.42959],[127.06567,37.42901],[127.06429,37.4292],[127.06316,37.42971],[127.06311,37.43361],[127.06396,37.43574],[127.06391,37.43684],[127.06354,37.43791],[127.06146,37.44057],[127.05993,37.4412],[127.05614,37.44697],[127.05087,37.45205],[127.0505,37.45307],[127.0507,37.45384],[127.04948,37.45585],[127.04637,37.45845],[127.04582,37.45934],[127.04536,37.46347],[127.04303,37.46562],[127.04958,37.47049],[127.05007,37.4701],[127.05453,37.46853],[127.05621,37.46839],[127.06161,37.46896],[127.06216,37.46965],[127.06253,37.47284],[127.06924,37.47389],[127.06976,37.47478],[127.07081,37.47483],[127.07265,37.4748],[127.07391,37.47286],[127.07594,37.4738],[127.07716,37.47501],[127.07925,37.47483],[127.08219,37.47533],[127.08516,37.47527]]]]}},{"type":"Feature","properties":{"code":"11680510","name":"강남구 신사동","share":0.031,"foreign":1461},"geometry":{"type":"MultiPolygon","coordinates":[[[[127.02808,37.51958],[127.01944,37.51599],[127.01903,37.51824],[127.01761,37.52209],[127.0146,37.52551],[127.01187,37.52784],[127.02006,37.53456],[127.02156,37.53553],[127.02524,37.53024],[127.028,37.52777],[127.02834,37.52721],[127.02856,37.52731],[127.02808,37.51958]]]]}},{"type":"Feature","properties":{"code":"11680521","name":"강남구 논현1동","share":0.0249,"foreign":1256},"geometry":{"type":"MultiPolygon","coordinates":[[[[127.03389,37.50739],[127.02447,37.50457],[127.02137,37.51103],[127.02035,37.51081],[127.02131,37.51117],[127.01944,37.51599],[127.02808,37.51958],[127.03077,37.5141],[127.03046,37.5139],[127.03085,37.51392],[127.03389,37.50739]]]]}},{"type":"Feature","properties":{"code":"11680531","name":"강남구 논현2동","share":0.0138,"foreign":862},"geometry":{"type":"MultiPolygon","coordinates":[[[[127.03918,37.52291],[127.04124,37.5173],[127.04027,37.51693],[127.04131,37.5171],[127.04377,37.51026],[127.03389,37.50739],[127.03085,37.51392],[127.03046,37.5139],[127.03077,37.5141],[127.02808,37.51958],[127.03884,37.52298],[127.03918,37.52291]]]]}},{"type":"Feature","properties":{"code":"11680580","name":"강남구 삼성1동","share":0.068,"foreign":4919},"geometry":{"type":"MultiPolygon","coordinates":[[[[127.06696,37.52508],[127.0665,37.52093],[127.06716,37.51998],[127.06838,37.51231],[127.06846,37.51028],[127.06655,37.50994],[127.05669,37.50686],[127.05027,37.51885],[127.05731,37.52011],[127.06056,37.52124],[127.06155,37.52173],[127.06526,37.5256],[127.06696,37.52508]]]]}},{"type":"Feature","properties":{"code":"11680590","name":"강남구 삼성2동","share":0.0178,"foreign":793},"geometry":{"type":"MultiPolygon","coordinates":[[[[127.05669,37.50686],[127.04718,37.50397],[127.04893,37.50463],[127.04814,37.50621],[127.04487,37.50848],[127.04418,37.5092],[127.04131,37.5171],[127.04027,37.51693],[127.04124,37.5173],[127.05027,37.51885],[127.05669,37.50686]]]]}},{"type":"Feature","properties":{"code":"11680600","name":"강남구 대치1동","share":0.0023,"foreign":72},"geometry":{"type":"MultiPolygon","coordinates":[[[[127.06553,37.49007],[127.0588,37.48875],[127.05656,37.48768],[127.0554,37.49104],[127.05251,37.49705],[127.05567,37.49722],[127.06086,37.49887],[127.06553,37.49007]]]]}},{"type":"Feature","properties":{"code":"11680630","name":"강남구 대치4동","share":0.0099,"foreign":557},"geometry":{"type":"MultiPolygon","coordinates":[[[[127.06086,37.49887],[127.05567,37.49722],[127.05251,37.49705],[127.04904,37.5044],[127.05669,37.50686],[127.06086,37.49887]]]]}},{"type":"Feature","properties":{"code":"11680640","name":"강남구 역삼1동","share":0.0229,"foreign":3305},"geometry":{"type":"MultiPolygon","coordinates":[[[[127.04718,37.50397],[127.0384,37.50128],[127.03704,37.50062],[127.04089,37.49241],[127.03162,37.48954],[127.02447,37.50457],[127.04377,37.51026],[127.04418,37.5092],[127.04487,37.50848],[127.04814,37.50621],[127.04893,37.50463],[127.04718,37.50397]]]]}},{"type":"Feature","properties":{"code":"11680650","name":"강남구 역삼2동","share":0.0075,"foreign":443},"geometry":{"type":"MultiPolygon","coordinates":[[[[127.05251,37.49705],[127.05273,37.49627],[127.04089,37.49241],[127.03704,37.50062],[127.0384,37.50128],[127.04904,37.5044],[127.05251,37.49705]]]]}},{"type":"Feature","properties":{"code":"11680655","name":"강남구 도곡1동","share":0.0112,"foreign":550},"geometry":{"type":"MultiPolygon","coordinates":[[[[127.04135,37.48557],[127.03397,37.4848],[127.03162,37.48954],[127.04669,37.49431],[127.04982,37.48838],[127.04504,37.48623],[127.04135,37.48557]]]]}},{"type":"Feature","properties":{"code":"11680656","name":"강남구 도곡2동","share":0.004,"foreign":116},"geometry":{"type":"MultiPolygon","coordinates":[[[[127.05656,37.48768],[127.04485,37.48072],[127.04394,37.47971],[127.04135,37.48557],[127.04504,37.48623],[127.04982,37.48838],[127.04669,37.49431],[127.05273,37.49627],[127.0554,37.49104],[127.05656,37.48768]]]]}},{"type":"Feature","properties":{"code":"11680660","name":"강남구 개포1동","share":0.0034,"foreign":70},"geometry":{"type":"MultiPolygon","coordinates":[[[[127.07641,37.4837],[127.07482,37.48062],[127.07286,37.47873],[127.07438,37.47627],[127.07716,37.47501],[127.07594,37.4738],[127.07391,37.47286],[127.07265,37.4748],[127.06976,37.47478],[127.06924,37.47389],[127.06253,37.47284],[127.05874,37.47599],[127.05377,37.48109],[127.05173,37.48485],[127.05652,37.48766],[127.05682,37.48655],[127.058,37.48482],[127.06481,37.47907],[127.07048,37.48249],[127.07553,37.4862],[127.07641,37.4837]]]]}},{"type":"Feature","properties":{"code":"11680690","name":"강남구 개포4동","share":0.002,"foreign":30},"geometry":{"type":"MultiPolygon","coordinates":[[[[127.06253,37.47284],[127.06216,37.46965],[127.06161,37.46896],[127.05621,37.46839],[127.05453,37.46853],[127.05007,37.4701],[127.04958,37.47049],[127.05106,37.47149],[127.04503,37.47729],[127.04394,37.47971],[127.04485,37.48072],[127.05173,37.48485],[127.05377,37.48109],[127.05874,37.47599],[127.06253,37.47284]]]]}},{"type":"Feature","properties":{"code":"11680720","name":"강남구 일원본동","share":0.0039,"foreign":85},"geometry":{"type":"MultiPolygon","coordinates":[[[[127.09299,37.47726],[127.09194,37.47737],[127.08669,37.47603],[127.08516,37.47527],[127.08387,37.47545],[127.08102,37.47517],[127.08035,37.47489],[127.07834,37.47486],[127.07716,37.47501],[127.07438,37.47627],[127.07286,37.47873],[127.07482,37.48062],[127.07589,37.48245],[127.07745,37.48712],[127.0818,37.48867],[127.09075,37.49134],[127.09131,37.49027],[127.09417,37.48721],[127.09501,37.48283],[127.0931,37.47953],[127.09299,37.47726]]]]}},{"type":"Feature","properties":{"code":"11680730","name":"강남구 일원1동","share":0.0021,"foreign":29},"geometry":{"type":"MultiPolygon","coordinates":[[[[127.09674,37.49583],[127.10197,37.49364],[127.09829,37.49261],[127.09228,37.49176],[127.0818,37.48867],[127.07962,37.49367],[127.08846,37.4965],[127.09047,37.49747],[127.09674,37.49583]]]]}},{"type":"Feature","properties":{"code":"11680675","name":"강남구 개포3동","share":null,"foreign":0},"geometry":{"type":"MultiPolygon","coordinates":[[[[127.08363,37.49926],[127.09047,37.49747],[127.08846,37.4965],[127.07962,37.49367],[127.0818,37.48867],[127.07745,37.48712],[127.07804,37.48787],[127.07721,37.49059],[127.07621,37.49259],[127.0724,37.49135],[127.07184,37.49303],[127.07385,37.4951],[127.0743,37.49747],[127.07407,37.49886],[127.07465,37.5003],[127.07549,37.5012],[127.08363,37.49926]]]]}},{"type":"Feature","properties":{"code":"11680750","name":"강남구 수서동","share":0.0042,"foreign":115},"geometry":{"type":"MultiPolygon","coordinates":[[[[127.10814,37.48931],[127.11019,37.48688],[127.11218,37.48344],[127.1111,37.48294],[127.11003,37.48319],[127.1056,37.48274],[127.10399,37.48478],[127.10262,37.48494],[127.09798,37.4822],[127.09729,37.48037],[127.09748,37.47917],[127.09734,37.47808],[127.09576,37.4776],[127.09299,37.47726],[127.0931,37.47953],[127.09501,37.48283],[127.09417,37.48721],[127.09131,37.49027],[127.09075,37.49134],[127.09228,37.49176],[127.09829,37.49261],[127.10197,37.49364],[127.1048,37.49204],[127.10814,37.48931]]]]}},{"type":"Feature","properties":{"code":"11680700","name":"강남구 세곡동","share":0.002,"foreign":80},"geometry":{"type":"MultiPolygon","coordinates":[[[[127.11104,37.48294],[127.1117,37.48244],[127.11961,37.47168],[127.12218,37.46752],[127.12242,37.46586],[127.12229,37.46521],[127.11718,37.46182],[127.11675,37.45859],[127.1156,37.4586],[127.11364,37.45974],[127.11288,37.46048],[127.1134,37.46107],[127.11202,37.46156],[127.10631,37.46254],[127.10473,37.46215],[127.10448,37.46102],[127.1035,37.45963],[127.09821,37.45879],[127.09685,37.45961],[127.096,37.4625],[127.09502,37.46366],[127.09336,37.4644],[127.08876,37.46807],[127.08621,37.47036],[127.0852,37.47156],[127.08449,37.47287],[127.08516,37.47527],[127.08669,37.47603],[127.09194,37.47737],[127.09299,37.47726],[127.09576,37.4776],[127.09734,37.47808],[127.09748,37.47917],[127.09729,37.48037],[127.09798,37.4822],[127.10262,37.48494],[127.10399,37.48478],[127.1056,37.48274],[127.11003,37.48319],[127.11104,37.48294]]]]}},{"type":"Feature","properties":{"code":"11680545","name":"강남구 압구정동","share":0.054,"foreign":3168},"geometry":{"type":"MultiPolygon","coordinates":[[[[127.04667,37.534],[127.04379,37.52705],[127.0408,37.52779],[127.03912,37.52347],[127.03918,37.52291],[127.03884,37.52298],[127.02808,37.51958],[127.02856,37.52731],[127.02834,37.52721],[127.028,37.52777],[127.02524,37.53024],[127.02156,37.53553],[127.04031,37.5359],[127.04667,37.534]]]]}},{"type":"Feature","properties":{"code":"11680565","name":"강남구 청담동","share":0.022,"foreign":1177},"geometry":{"type":"MultiPolygon","coordinates":[[[[127.05657,37.5291],[127.06526,37.5256],[127.06155,37.52173],[127.05731,37.52011],[127.04124,37.5173],[127.03912,37.52347],[127.0408,37.52779],[127.04379,37.52705],[127.04667,37.534],[127.04906,37.53255],[127.05657,37.5291]]]]}},{"type":"Feature","properties":{"code":"11680610","name":"강남구 대치2동","share":0.0115,"foreign":767},"geometry":{"type":"MultiPolygon","coordinates":[[[[127.0688,37.51],[127.06981,37.50504],[127.07121,37.50352],[127.07318,37.50213],[127.07549,37.5012],[127.07465,37.5003],[127.07407,37.49886],[127.07424,37.49667],[127.07358,37.49466],[127.07184,37.49303],[127.06853,37.49101],[127.06553,37.49007],[127.05669,37.50686],[127.06655,37.50994],[127.06846,37.51028],[127.0688,37.51]]]]}},{"type":"Feature","properties":{"code":"11680670","name":"강남구 개포2동","share":0.0026,"foreign":71},"geometry":{"type":"MultiPolygon","coordinates":[[[[127.07745,37.48712],[127.07641,37.4837],[127.07553,37.4862],[127.07048,37.48249],[127.06481,37.47907],[127.058,37.48482],[127.05682,37.48655],[127.05652,37.48766],[127.0588,37.48875],[127.06721,37.49045],[127.07184,37.49303],[127.0724,37.49135],[127.07621,37.49259],[127.07721,37.49059],[127.07804,37.48787],[127.07745,37.48712]]]]}},{"type":"Feature","properties":{"code":"11710510","name":"송파구 풍납1동","share":0.003,"foreign":38},"geometry":{"type":"MultiPolygon","coordinates":[[[[127.12321,37.53853],[127.12126,37.53311],[127.11094,37.53604],[127.10416,37.536],[127.10956,37.54347],[127.1185,37.54093],[127.12161,37.53916],[127.12321,37.53853]]]]}},{"type":"Feature","properties":{"code":"11710520","name":"송파구 풍납2동","share":0.0035,"foreign":129},"geometry":{"type":"MultiPolygon","coordinates":[[[[127.12126,37.53311],[127.12072,37.53132],[127.11916,37.52807],[127.1164,37.52396],[127.10616,37.5239],[127.10434,37.52422],[127.09896,37.52795],[127.10416,37.536],[127.11094,37.53604],[127.12126,37.53311]]]]}},{"type":"Feature","properties":{"code":"11710531","name":"송파구 거여1동","share":0.0016,"foreign":19},"geometry":{"type":"MultiPolygon","coordinates":[[[[127.14658,37.49798],[127.14272,37.48912],[127.14237,37.48942],[127.14238,37.49093],[127.1421,37.49104],[127.14183,37.49165],[127.14149,37.49168],[127.13776,37.49043],[127.13667,37.48915],[127.13583,37.48952],[127.1359,37.49023],[127.13728,37.49147],[127.13731,37.4931],[127.13784,37.49364],[127.13796,37.4943],[127.13928,37.49566],[127.13981,37.49538],[127.14197,37.49943],[127.14658,37.49798]]]]}},{"type":"Feature","properties":{"code":"11710532","name":"송파구 거여2동","share":0.0012,"foreign":17},"geometry":{"type":"MultiPolygon","coordinates":[[[[127.14897,37.49628],[127.15092,37.49483],[127.1525,37.49297],[127.15131,37.49268],[127.15033,37.49205],[127.15065,37.49144],[127.14965,37.49048],[127.14842,37.49005],[127.1473,37.48902],[127.1472,37.4882],[127.1467,37.48733],[127.14572,37.4871],[127.14458,37.48743],[127.14421,37.48816],[127.14434,37.48846],[127.14272,37.48912],[127.14658,37.49798],[127.14897,37.49628]]]]}},{"type":"Feature","properties":{"code":"11710540","name":"송파구 마천1동","share":0.0018,"foreign":17},"geometry":{"type":"MultiPolygon","coordinates":[[[[127.1601,37.49716],[127.15998,37.49422],[127.15842,37.4907],[127.15768,37.49017],[127.1525,37.49297],[127.15092,37.49483],[127.14897,37.49628],[127.15686,37.49839],[127.1601,37.49716]]]]}},{"type":"Feature","properties":{"code":"11710550","name":"송파구 마천2동","share":0.0025,"foreign":28},"geometry":{"type":"MultiPolygon","coordinates":[[[[127.1601,37.49716],[127.15686,37.49839],[127.14897,37.49628],[127.14658,37.49798],[127.14197,37.49943],[127.14437,37.50439],[127.14524,37.5035],[127.14769,37.50327],[127.15012,37.50451],[127.1519,37.50315],[127.15263,37.50312],[127.15321,37.50275],[127.15396,37.50276],[127.15647,37.5019],[127.15762,37.50309],[127.15787,37.50301],[127.16055,37.50115],[127.16138,37.50025],[127.16138,37.49961],[127.16056,37.4977],[127.1601,37.49716]]]]}},{"type":"Feature","properties":{"code":"11710561","name":"송파구 방이1동","share":0.0021,"foreign":38},"geometry":{"type":"MultiPolygon","coordinates":[[[[127.12799,37.51174],[127.1239,37.50537],[127.12243,37.50538],[127.11666,37.50776],[127.12103,37.51459],[127.12799,37.51174]]]]}},{"type":"Feature","properties":{"code":"11710562","name":"송파구 방이2동","share":0.0147,"foreign":574},"geometry":{"type":"MultiPolygon","coordinates":[[[[127.12103,37.51459],[127.11666,37.50776],[127.11225,37.51036],[127.10809,37.51198],[127.10665,37.51551],[127.11276,37.51772],[127.11255,37.51752],[127.12103,37.51459]]]]}},{"type":"Feature","properties":{"code":"11710566","name":"송파구 오륜동","share":0.0305,"foreign":811},"geometry":{"type":"MultiPolygon","coordinates":[[[[127.12874,37.52379],[127.14541,37.51649],[127.1454,37.5161],[127.14466,37.51555],[127.14113,37.51564],[127.14329,37.51398],[127.14352,37.51269],[127.14206,37.51279],[127.14113,37.51232],[127.14025,37.50983],[127.13997,37.50859],[127.14023,37.50839],[127.13636,37.50837],[127.12103,37.51459],[127.11255,37.51752],[127.1164,37.52396],[127.11916,37.52807],[127.12874,37.52379]]]]}},{"type":"Feature","properties":{"code":"11710570","name":"송파구 오금동","share":0.0021,"foreign":72},"geometry":{"type":"MultiPolygon","coordinates":[[[[127.14023,37.50839],[127.14128,37.50694],[127.14093,37.5057],[127.14114,37.50545],[127.14356,37.50445],[127.14437,37.50439],[127.13981,37.49538],[127.13068,37.50031],[127.12814,37.502],[127.1239,37.50537],[127.12799,37.51174],[127.13636,37.50837],[127.14023,37.50839]]]]}},{"type":"Feature","properties":{"code":"11710580","name":"송파구 송파1동","share":0.0045,"foreign":108},"geometry":{"type":"MultiPolygon","coordinates":[[[[127.11666,37.50776],[127.11476,37.50476],[127.11381,37.50376],[127.11198,37.50264],[127.11015,37.50199],[127.1057,37.50651],[127.10403,37.50875],[127.10809,37.51198],[127.11225,37.51036],[127.11666,37.50776]]]]}},{"type":"Feature","properties":{"code":"11710590","name":"송파구 송파2동","share":0.0016,"foreign":26},"geometry":{"type":"MultiPolygon","coordinates":[[[[127.12243,37.50538],[127.12166,37.50227],[127.11847,37.50007],[127.11493,37.49821],[127.11162,37.5004],[127.11015,37.50199],[127.11198,37.50264],[127.11381,37.50376],[127.11476,37.50476],[127.11666,37.50776],[127.12243,37.50538]]]]}},{"type":"Feature","properties":{"code":"11710600","name":"송파구 석촌동","share":0.0061,"foreign":153},"geometry":{"type":"MultiPolygon","coordinates":[[[[127.11015,37.50199],[127.11162,37.5004],[127.11059,37.50007],[127.10964,37.501],[127.09762,37.49743],[127.09734,37.49694],[127.09656,37.49721],[127.09731,37.50654],[127.09846,37.50646],[127.09988,37.5067],[127.10265,37.50788],[127.10403,37.50875],[127.1057,37.50651],[127.11015,37.50199]]]]}},{"type":"Feature","properties":{"code":"11710610","name":"송파구 삼전동","share":0.0033,"foreign":83},"geometry":{"type":"MultiPolygon","coordinates":[[[[127.09731,37.50654],[127.09656,37.49721],[127.09734,37.49694],[127.09674,37.49583],[127.08363,37.49926],[127.09072,37.50753],[127.09731,37.50654]]]]}},{"type":"Feature","properties":{"code":"11710620","name":"송파구 가락본동","share":0.0072,"foreign":324},"geometry":{"type":"MultiPolygon","coordinates":[[[[127.1239,37.50537],[127.12814,37.502],[127.12664,37.50031],[127.12335,37.49498],[127.12626,37.49151],[127.12108,37.489],[127.11463,37.49723],[127.1148,37.49821],[127.11847,37.50007],[127.12166,37.50227],[127.12243,37.50538],[127.1239,37.50537]]]]}},{"type":"Feature","properties":{"code":"11710631","name":"송파구 가락1동","share":0.0031,"foreign":82},"geometry":{"type":"MultiPolygon","coordinates":[[[[127.11162,37.5004],[127.1148,37.49821],[127.11463,37.49723],[127.11843,37.49252],[127.10814,37.48931],[127.10568,37.49141],[127.10365,37.49273],[127.09674,37.49583],[127.09762,37.49743],[127.10964,37.501],[127.11059,37.50007],[127.11162,37.5004]]]]}},{"type":"Feature","properties":{"code":"11710632","name":"송파구 가락2동","share":0.0016,"foreign":33},"geometry":{"type":"MultiPolygon","coordinates":[[[[127.13928,37.49566],[127.13355,37.49053],[127.12961,37.49322],[127.12626,37.49151],[127.12335,37.49498],[127.12664,37.50031],[127.12814,37.502],[127.13498,37.49782],[127.13928,37.49566]]]]}},{"type":"Feature","properties":{"code":"11710641","name":"송파구 문정1동","share":0.0015,"foreign":30},"geometry":{"type":"MultiPolygon","coordinates":[[[[127.13355,37.49053],[127.12981,37.48725],[127.1264,37.48281],[127.12417,37.48237],[127.12108,37.489],[127.12961,37.49322],[127.13355,37.49053]]]]}},{"type":"Feature","properties":{"code":"11710642","name":"송파구 문정2동","share":0.005,"foreign":278},"geometry":{"type":"MultiPolygon","coordinates":[[[[127.12108,37.489],[127.12417,37.48237],[127.12534,37.48038],[127.12703,37.47594],[127.12659,37.46885],[127.12577,37.46921],[127.12507,37.4689],[127.12383,37.4663],[127.12229,37.46521],[127.12242,37.46586],[127.12218,37.46752],[127.12151,37.46882],[127.1117,37.48244],[127.11104,37.48294],[127.11228,37.48354],[127.11019,37.48688],[127.10814,37.48931],[127.11843,37.49252],[127.12108,37.489]]]]}},{"type":"Feature","properties":{"code":"11710650","name":"송파구 잠실본동","share":0.0071,"foreign":249},"geometry":{"type":"MultiPolygon","coordinates":[[[[127.08669,37.51172],[127.08557,37.51143],[127.08594,37.51018],[127.08664,37.50911],[127.08826,37.50804],[127.09072,37.50753],[127.08363,37.49926],[127.07549,37.5012],[127.07318,37.50213],[127.07947,37.50673],[127.07833,37.51187],[127.08669,37.51172]]]]}},{"type":"Feature","properties":{"code":"11710690","name":"송파구 잠실4동","share":0.0031,"foreign":74},"geometry":{"type":"MultiPolygon","coordinates":[[[[127.1164,37.52396],[127.11276,37.51772],[127.10665,37.51551],[127.10301,37.52201],[127.09812,37.52756],[127.09896,37.52795],[127.10434,37.52422],[127.10616,37.5239],[127.1164,37.52396]]]]}},{"type":"Feature","properties":{"code":"11710710","name":"송파구 잠실6동","share":0.0289,"foreign":1748},"geometry":{"type":"MultiPolygon","coordinates":[[[[127.10665,37.51551],[127.10809,37.51198],[127.10403,37.50875],[127.10127,37.5117],[127.09044,37.526],[127.09225,37.52679],[127.09812,37.52756],[127.10301,37.52201],[127.10665,37.51551]]]]}},{"type":"Feature","properties":{"code":"11710720","name":"송파구 잠실7동","share":0.0054,"foreign":50},"geometry":{"type":"MultiPolygon","coordinates":[[[[127.07318,37.50213],[127.07121,37.50352],[127.06981,37.50504],[127.0688,37.51],[127.07363,37.51117],[127.07833,37.51187],[127.07947,37.50673],[127.07318,37.50213]]]]}},{"type":"Feature","properties":{"code":"11710670","name":"송파구 잠실2동","share":0.0075,"foreign":253},"geometry":{"type":"MultiPolygon","coordinates":[[[[127.08669,37.51172],[127.07833,37.51187],[127.07363,37.51117],[127.0688,37.51],[127.06846,37.51028],[127.06838,37.51231],[127.06716,37.51998],[127.0665,37.52093],[127.06696,37.52508],[127.07285,37.52371],[127.07758,37.52358],[127.08429,37.52442],[127.08852,37.52549],[127.08851,37.5232],[127.09255,37.51191],[127.08877,37.5115],[127.08669,37.51172]]]]}},{"type":"Feature","properties":{"code":"11710680","name":"송파구 잠실3동","share":0.039,"foreign":2063},"geometry":{"type":"MultiPolygon","coordinates":[[[[127.10403,37.50875],[127.10299,37.50805],[127.10029,37.50684],[127.09803,37.50645],[127.08897,37.50783],[127.08751,37.5084],[127.08664,37.50911],[127.08594,37.51018],[127.08557,37.51143],[127.08669,37.51172],[127.08877,37.5115],[127.09255,37.51191],[127.08851,37.5232],[127.08852,37.52549],[127.09044,37.526],[127.10127,37.5117],[127.10403,37.50875]]]]}},{"type":"Feature","properties":{"code":"11710646","name":"송파구 장지동","share":0.0044,"foreign":125},"geometry":{"type":"MultiPolygon","coordinates":[[[[127.13667,37.48915],[127.13535,37.48142],[127.13907,37.48171],[127.13854,37.48081],[127.13719,37.47963],[127.13368,37.47826],[127.1269,37.47351],[127.12703,37.47594],[127.12534,37.48038],[127.12417,37.48237],[127.1264,37.48281],[127.12981,37.48725],[127.13796,37.4943],[127.13784,37.49364],[127.13731,37.4931],[127.13728,37.49147],[127.1359,37.49023],[127.13583,37.48952],[127.13667,37.48915]]]]}},{"type":"Feature","properties":{"code":"11710647","name":"송파구 위례동","share":0.0013,"foreign":55},"geometry":{"type":"MultiPolygon","coordinates":[[[[127.15768,37.49017],[127.1573,37.48963],[127.15764,37.48914],[127.15225,37.48625],[127.15196,37.48658],[127.14984,37.48527],[127.14874,37.48399],[127.14772,37.48175],[127.1474,37.47722],[127.14424,37.47732],[127.14419,37.47656],[127.14354,37.47525],[127.14345,37.4741],[127.13715,37.47434],[127.13259,37.47485],[127.13229,37.47028],[127.13187,37.46973],[127.13268,37.46823],[127.13056,37.46763],[127.12987,37.46791],[127.12873,37.46791],[127.12659,37.46885],[127.1269,37.47351],[127.13368,37.47826],[127.13759,37.47988],[127.1383,37.48048],[127.13907,37.48171],[127.13535,37.48142],[127.13667,37.48915],[127.13776,37.49043],[127.14183,37.49165],[127.1421,37.49104],[127.14238,37.49093],[127.14237,37.48942],[127.14256,37.48917],[127.14434,37.48846],[127.14421,37.48816],[127.14458,37.48743],[127.14572,37.4871],[127.1467,37.48733],[127.1472,37.4882],[127.1473,37.48902],[127.14842,37.49005],[127.14965,37.49048],[127.15065,37.49144],[127.15033,37.49205],[127.15131,37.49268],[127.1525,37.49297],[127.15768,37.49017]]]]}},{"type":"Feature","properties":{"code":"11740526","name":"강동구 상일제2동","share":null,"foreign":0},"geometry":{"type":"MultiPolygon","coordinates":[[[[127.17149,37.55732],[127.17314,37.5572],[127.17583,37.5575],[127.18188,37.55886],[127.18158,37.55762],[127.18139,37.55285],[127.18283,37.54656],[127.18355,37.54583],[127.18091,37.54588],[127.18013,37.54644],[127.17905,37.54664],[127.17559,37.54521],[127.17439,37.54522],[127.17413,37.54541],[127.17305,37.54945],[127.17149,37.55732]]]]}},{"type":"Feature","properties":{"code":"11740525","name":"강동구 상일제1동","share":null,"foreign":0},"geometry":{"type":"MultiPolygon","coordinates":[[[[127.17413,37.54541],[127.16411,37.54486],[127.16319,37.54502],[127.16251,37.54591],[127.15901,37.54555],[127.15594,37.54622],[127.15658,37.55538],[127.17149,37.55732],[127.17305,37.54945],[127.17413,37.54541]]]]}},{"type":"Feature","properties":{"code":"11740530","name":"강동구 명일1동","share":0.0012,"foreign":27},"geometry":{"type":"MultiPolygon","coordinates":[[[[127.15021,37.55469],[127.14857,37.54578],[127.1476,37.54599],[127.14564,37.54486],[127.14576,37.54436],[127.14273,37.54507],[127.14331,37.5462],[127.14395,37.55079],[127.14067,37.55093],[127.14032,37.55132],[127.14319,37.55461],[127.15021,37.55469]]]]}},{"type":"Feature","properties":{"code":"11740540","name":"강동구 명일2동","share":0.0014,"foreign":21},"geometry":{"type":"MultiPolygon","coordinates":[[[[127.16319,37.54502],[127.1604,37.5416],[127.15917,37.54282],[127.15682,37.54338],[127.15362,37.54325],[127.14871,37.54515],[127.14857,37.54578],[127.15021,37.55469],[127.15658,37.55538],[127.15594,37.54622],[127.15901,37.54555],[127.16251,37.54591],[127.16319,37.54502]]]]}},{"type":"Feature","properties":{"code":"11740550","name":"강동구 고덕1동","share":0.0012,"foreign":26},"geometry":{"type":"MultiPolygon","coordinates":[[[[127.15658,37.55538],[127.15021,37.55469],[127.14447,37.55477],[127.1446,37.55625],[127.14407,37.55865],[127.14725,37.5614],[127.14523,37.56548],[127.14541,37.56827],[127.14924,37.56849],[127.15291,37.57067],[127.15332,37.56753],[127.15472,37.56819],[127.15594,37.56798],[127.15636,37.56736],[127.15693,37.56296],[127.15658,37.55538]]]]}},{"type":"Feature","properties":{"code":"11740560","name":"강동구 고덕2동","share":0.0016,"foreign":38},"geometry":{"type":"MultiPolygon","coordinates":[[[[127.17149,37.55732],[127.15658,37.55538],[127.15693,37.56296],[127.15636,37.56736],[127.15594,37.56798],[127.15532,37.56822],[127.15472,37.56819],[127.15332,37.56753],[127.15291,37.57067],[127.16228,37.57642],[127.16535,37.57392],[127.16731,37.57091],[127.17336,37.56371],[127.17049,37.5624],[127.17149,37.55732]]]]}},{"type":"Feature","properties":{"code":"11740580","name":"강동구 암사2동","share":0.0023,"foreign":29},"geometry":{"type":"MultiPolygon","coordinates":[[[[127.1292,37.55476],[127.12674,37.54789],[127.12291,37.54878],[127.12315,37.54947],[127.11244,37.54951],[127.11389,37.55333],[127.1139,37.5586],[127.11348,37.56025],[127.11548,37.55985],[127.11668,37.56002],[127.11936,37.56266],[127.12175,37.56399],[127.13382,37.56845],[127.13344,37.56494],[127.13233,37.56152],[127.13104,37.55963],[127.1292,37.55476]]]]}},{"type":"Feature","properties":{"code":"11740590","name":"강동구 암사3동","share":0.0016,"foreign":24},"geometry":{"type":"MultiPolygon","coordinates":[[[[127.14447,37.55477],[127.1292,37.55476],[127.13104,37.55963],[127.13233,37.56152],[127.13344,37.56494],[127.13382,37.56845],[127.14541,37.56827],[127.14523,37.56548],[127.14725,37.5614],[127.14407,37.55865],[127.1446,37.55625],[127.14447,37.55477]]]]}},{"type":"Feature","properties":{"code":"11740600","name":"강동구 천호1동","share":0.0024,"foreign":64},"geometry":{"type":"MultiPolygon","coordinates":[[[[127.14273,37.54507],[127.14169,37.54228],[127.13807,37.54313],[127.13361,37.54242],[127.13115,37.54239],[127.13513,37.54782],[127.13731,37.54992],[127.13794,37.55026],[127.1412,37.55087],[127.14395,37.55079],[127.14331,37.5462],[127.14273,37.54507]]]]}},{"type":"Feature","properties":{"code":"11740620","name":"강동구 천호3동","share":0.0039,"foreign":98},"geometry":{"type":"MultiPolygon","coordinates":[[[[127.14169,37.54228],[127.13969,37.54107],[127.13791,37.54116],[127.13708,37.54083],[127.13439,37.53547],[127.12642,37.53766],[127.12867,37.54057],[127.12977,37.54096],[127.13115,37.54239],[127.13361,37.54242],[127.13807,37.54313],[127.14169,37.54228]]]]}},{"type":"Feature","properties":{"code":"11740640","name":"강동구 성내1동","share":0.0017,"foreign":38},"geometry":{"type":"MultiPolygon","coordinates":[[[[127.13182,37.53014],[127.12874,37.52379],[127.11916,37.52807],[127.12072,37.53132],[127.12126,37.53311],[127.12559,37.53187],[127.1265,37.53301],[127.12726,37.53201],[127.12705,37.53147],[127.13182,37.53014]]]]}},{"type":"Feature","properties":{"code":"11740650","name":"강동구 성내2동","share":0.0036,"foreign":80},"geometry":{"type":"MultiPolygon","coordinates":[[[[127.12642,37.53766],[127.13439,37.53547],[127.13182,37.53014],[127.12705,37.53147],[127.12726,37.53201],[127.1265,37.53301],[127.12559,37.53187],[127.12126,37.53311],[127.12321,37.53853],[127.12642,37.53766]]]]}},{"type":"Feature","properties":{"code":"11740660","name":"강동구 성내3동","share":0.0041,"foreign":110},"geometry":{"type":"MultiPolygon","coordinates":[[[[127.13857,37.53399],[127.13391,37.52154],[127.12874,37.52379],[127.13429,37.53527],[127.13857,37.53399]]]]}},{"type":"Feature","properties":{"code":"11740690","name":"강동구 둔촌1동","share":0.0025,"foreign":56},"geometry":{"type":"MultiPolygon","coordinates":[[[[127.1458,37.52199],[127.14473,37.51942],[127.14501,37.51693],[127.14321,37.51744],[127.13391,37.52154],[127.13663,37.52883],[127.14473,37.52654],[127.14611,37.52398],[127.14615,37.52308],[127.1458,37.52199]]]]}},{"type":"Feature","properties":{"code":"11740700","name":"강동구 둔촌2동","share":0.0038,"foreign":91},"geometry":{"type":"MultiPolygon","coordinates":[[[[127.15355,37.534],[127.15357,37.53102],[127.15326,37.52933],[127.15243,37.52833],[127.14958,37.52588],[127.14844,37.52303],[127.14776,37.52217],[127.1458,37.52199],[127.14615,37.52308],[127.14611,37.52398],[127.14473,37.52654],[127.13663,37.52883],[127.13857,37.53399],[127.14093,37.53376],[127.14305,37.53426],[127.1604,37.5416],[127.15756,37.53903],[127.15699,37.53837],[127.15673,37.53758],[127.15355,37.534]]]]}},{"type":"Feature","properties":{"code":"11740570","name":"강동구 암사1동","share":0.002,"foreign":52},"geometry":{"type":"MultiPolygon","coordinates":[[[[127.14447,37.55477],[127.14319,37.55461],[127.14032,37.55132],[127.14067,37.55093],[127.1412,37.55087],[127.13794,37.55026],[127.13731,37.54992],[127.13458,37.54712],[127.12767,37.55007],[127.1292,37.55476],[127.14447,37.55477]]]]}},{"type":"Feature","properties":{"code":"11740610","name":"강동구 천호2동","share":0.003,"foreign":128},"geometry":{"type":"MultiPolygon","coordinates":[[[[127.13458,37.54712],[127.13052,37.54159],[127.12977,37.54096],[127.12867,37.54057],[127.12642,37.53766],[127.12408,37.53823],[127.12161,37.53916],[127.1185,37.54093],[127.10956,37.54347],[127.11207,37.54755],[127.11244,37.54951],[127.12315,37.54947],[127.12291,37.54878],[127.12674,37.54789],[127.12767,37.55007],[127.13458,37.54712]]]]}},{"type":"Feature","properties":{"code":"11740685","name":"강동구 길동","share":0.0033,"foreign":190},"geometry":{"type":"MultiPolygon","coordinates":[[[[127.14857,37.54578],[127.14871,37.54515],[127.15362,37.54325],[127.15682,37.54338],[127.15917,37.54282],[127.1604,37.5416],[127.14176,37.53385],[127.14049,37.53374],[127.13857,37.53399],[127.13429,37.53527],[127.13708,37.54083],[127.13791,37.54116],[127.13969,37.54107],[127.14169,37.54228],[127.14273,37.54507],[127.14576,37.54436],[127.14564,37.54486],[127.1476,37.54599],[127.14857,37.54578]]]]}},{"type":"Feature","properties":{"code":"11530780","name":"구로구 오류2동","share":0.0042,"foreign":184},"geometry":{"type":"MultiPolygon","coordinates":[[[[126.83179,37.47757],[126.83235,37.47826],[126.83255,37.47905],[126.83199,37.48009],[126.83212,37.48082],[126.83084,37.48122],[126.83208,37.48291],[126.83207,37.48394],[126.83044,37.48441],[126.82994,37.48552],[126.82888,37.48576],[126.8278,37.48817],[126.82597,37.48823],[126.82405,37.48885],[126.82702,37.49121],[126.82685,37.49126],[126.82679,37.49315],[126.83808,37.49316],[126.84411,37.49378],[126.84507,37.49401],[126.84555,37.4944],[126.84862,37.49521],[126.84829,37.49389],[126.84814,37.49046],[126.84637,37.4891],[126.84466,37.48653],[126.84581,37.48551],[126.84759,37.48463],[126.84987,37.48388],[126.84827,37.48236],[126.84648,37.4817],[126.84603,37.4797],[126.84582,37.47657],[126.84533,37.4738],[126.84418,37.47402],[126.84328,37.47483],[126.84278,37.47492],[126.84101,37.47462],[126.84,37.47479],[126.83884,37.47546],[126.83685,37.47505],[126.83579,37.47526],[126.83301,37.47725],[126.83179,37.47757]]]]}},{"type":"Feature","properties":{"code":"11740515","name":"강동구 강일동","share":0.0012,"foreign":54},"geometry":{"type":"MultiPolygon","coordinates":[[[[127.18188,37.55886],[127.17583,37.5575],[127.17314,37.5572],[127.17149,37.55732],[127.17049,37.5624],[127.17336,37.56371],[127.16731,37.57091],[127.16535,37.57392],[127.16228,37.57642],[127.16662,37.57892],[127.17395,37.57958],[127.17767,37.58083],[127.17697,37.57946],[127.17551,37.57838],[127.17536,37.57729],[127.17582,37.57485],[127.17911,37.56915],[127.17976,37.56505],[127.18197,37.56094],[127.18188,37.55886]]]]}},{"type":"Feature","properties":{"code":"11230533","name":"동대문구 용두동","share":null,"foreign":0},"geometry":{"type":"MultiPolygon","coordinates":[[[[127.03648,37.5725],[127.03572,37.5726],[127.03484,37.57322],[127.03456,37.574],[127.03072,37.57388],[127.02982,37.58123],[127.03163,37.58135],[127.03276,37.57893],[127.03282,37.57812],[127.03873,37.57823],[127.04251,37.57935],[127.04327,37.57833],[127.04492,37.57735],[127.04218,37.57302],[127.03793,37.5729],[127.03648,37.5725]]]]}}]}